id,name,shop_url,agb_url
1,motoin GmbH,https://www.motoin.de/Sale:_:99.html?language=de&cat_id=1262
2,ISARNEMA GmbH,http://alltyres365.co.uk/list/car/?brand=Sailun
3,Cheltenham Mowers Ltd,https://www.lawnmowers-uk.co.uk/Ground-Maintenance/Protective-Workwear
4,Foto Konijnenberg B.V.,http://static.fotokonijnenberg.nl/accessoires/filters/
5,Delticom Tyres Ltd.,http://mytyres.co.uk/Advice/Mercedes-Benz-tyres.html
6,Notino International Limited,https://www.notino.co.uk/black-friday/
7,Delticom Tyres Limited,http://tyres-guru.co.uk/Motorbike_Tyres_Motocross.html
8,Simply-Electricals,http://simplyelectricals.co.uk/cookers
9,DSG Retail Limited,https://www.currys.co.uk/gbuk/ar-842-commercial.html
10,Direct Healthcare Limited,http://chemistdirect.co.uk/skin-care
11,Amazon EU Srl,https://www.amazon.co.uk/ref=cs_503_link/
12,Delticom Tyres Limited,http://123tyres.co.uk/Truck-Tyres.html
13,ALENSA,https://www.alensa.co.uk/information/inserting-contact-lenses.html
15,Visunext UK Ltd.,https://www.visunext.co.uk/en/projectors/projectors-by-brand/sony-projectors.html
16,Senetic LTD,https://www.senetic.co.uk/veritas/veritas_backup_exec_server_edition/
17,CHAL-TEC GmbH,https://www.auna-multimedia.co.uk/en/forgot-password/
18,BT Group plc,http://shop.bt.com/products/nest-protect---battery-s3000bwgb-D8V7.html
19,The Hut.com Ltd.,http://zavvi.com/lego/harry-potter.list
20,Electrical discount UK.co.uk Limited,https://www.electricaldiscountuk.co.uk/cmw2070m-700watts-microwave-20-litres-6-power-levels.html
21,Shop Direct Home Shopping Limited,https://www.idealo.co.uk/cat/31947/e-scooters.html
22,AO Retail Limited,http://bootskitchenappliances.com/l/chimney_cooker_hoods/1/3-5/
23,Buy it Direct Ltd,http://laptopsdirect.co.uk/content/smart-home-automation
25,Delticom Tyres Ltd.,http://tyres-outlet.co.uk/Alloy_wheels_winter.html
26,The Carphone Warehouse Limited,https://lowdown.carphonewarehouse.com/news/#_ga=2.175137505.230896844.1563887217-1903573405.1562244440	.html
27,John Lewis PLC,http://johnlewis.com/brand/estée-lauder/_/N-1z13yah
28,FC-Moto GmbH & Co. KG,https://www.fc-moto.de/Outdoor/Ausruestung/Kamera
29,Glotech Limited,http://glotech.co.uk/appliances/washing-machines/
30,Demon Tweekes Limited,https://www.uberkids.com/uk/nursery/children-s-furniture/
31,AO World PLC,https://ao.com/l/headphones-apple-4329/1-6-20/107-164-178?mmref=tv_entertainment|headphones|AirPods|1_4_7
32,Marks Electrical Limited,https://markselectrical.co.uk/small-cooking-appliances.html
33,J W Garnett Limited,https://www.go-electrical.co.uk/checkout/
34,Lee Industrial Limited,http://tooled-up.com/help/privacy/
35,Novatech Ltd,http://novatech.co.uk/products/cables/internalpowercables/
36,UK Office Direct Limited,http://ukofficedirect.co.uk/help/topic/faqs
37,Warehouse Express Limited,https://www.wexphotovideo.com/used-optics/
38,TRADEINN RETAIL SERVICES S.L.,http://trekkinn.com/outdoor-wandern/the-north-face-drew-peak-light/137389977/p?tqw=XXL
39,ALTERNATE GmbH,http://alternate.co.uk/html/category/listing/topseller.html?click_HLS=9067
40,The Wright Buy Ltd.,https://www.thewrightbuy.co.uk/hobs
41,The Cartridge People (Group) Limited,https://www.cartridgepeople.com/
42,Passiontec GmbH,http://passiontec.co.uk/tools/
43,La Nuova Culla del Bimbo di Leonardo ed Olivia Niro S.R.L.,https://www.welcomemrbaby.com/entertaining/walkers
44,Boots UK Limited,https://www.boots.com/mens/mens-toiletries/mens-deodorants-antiperspirants
46,LEGO System A/S,http://lego.com/de-de/categories/fantasy
47,SweatBand.com,https://www.sweatband.com/badminton.html
48,Buy It Direct Limited,http://appliancesdirect.co.uk/ct/cooking/cookers
49,TVA Technology Limited,https://www.electricshop.com/samsung-qe75q90tatxxu-75-inch-q90t-qled-4k-hdr-2000-smart-tv-with-tizen-os-2020-model
50,MyMemory Ltd,http://mymemory.co.uk/customer/account/login/
53,fotoSENSE Ltd,https://www.fotosense.co.uk/film/35mm-film.html
54,Compagnia Lingua, https://electronic-translators.co.uk/voice-and-text-translators/vasco-mini2.html
56,Tirendo Holding GmbH,http://tirendo.co.uk/motorcycle/tyres/enduro-tyres/
57,JMS Janitorial Supplies Ltd,http://cleanstore.co.uk/products/Department.asp?ID=2
59,F.W. Evans Cycles (UK) Limited,https://www.evanscycles.com/helmets-protection/bike-helmets_c/full_face-discipline/mtb-discipline
61,The Hut.com Ltd,http://thehut.com/catalogue/gifts/gifts-by-recipient/gifts-for-couples.list
62,Giga GmbH,http://giga-tyres.co.uk/paymentAndDelivery
63,Ideal World,http://idealworld.tv/gb/Competitions-and-Promotions
64,Delticom Tyres Limited,http://autopink-shop.co.uk/tyres/AUDI
66,Printerinks.com,http://printerinks.com/36/2p-n-011/inkjet-and-toner-cartridges/sagem/
67,Surfdome Shop Ltd,https://help.surfdome.com/en-gb/delivery
68,Topgrade Sportswear Limited,http://getthelabel.com/c/women/jeans
69,Wiggle Ltd,https://www.wiggle.co.uk/lifeline-x-tools-essential-10-in-1-folding-multi-tool/
70,Online Commerce Ltd,http://base.com/xbox-one/pg735/bn10006070/products.htm?filter=a%3a13%3a260331
71,AirconDirect,http://aircondirect.co.uk/st/portable-dehumidifiers
72,Siegbert Merkle,http://www.derenergiesparladen.de/versandkosten.php?lang=de
73,Spartoo SAS,http://spartoo.co.uk/Jacqs-b38069.php
74,NIKE Retail B.V.,https://www.nike.com/de/t/superrep-go-trainingsschuh-FL63Vs/CJ0860-146
75,PRC Direct,https://prcdirect.co.uk/rangemaster/rangemaster-cooker-type/encore-deluxe.html
76,Kthe- Kollwitz- Strae 22,https://www.creoven.co.uk/fan-heaters/
77,Keller Sports GmbH,https://www.keller-sports.co.uk/brands/patagonia
78,Spartoo UK Limited,http://rubbersole.co.uk/Hom-b60382.php
79,Eliggi Umberto,https://motointercom.eu/shop/it/faqs
80,Dunelm (Soft Furnishings) Limited,http://dunelm.com/category/brands/dorma/dorma-bedding
81,Escentual,https://www.escentual.com/klorane/
82,IEB Trading Limited.,http://allbeauty.com/brands/#letterR
83,Grewalz Limited,https://www.stuartslondon.com/acceptable-use-policy-i1230
84,C.E.X. Limited,http://uk.webuy.com/search?superCatId=8
85,Visor Commerce Limited,https://www.onbuy.com/gb/categories/
86,BRASTY GROUP s.r.o.,http://brasty.co.uk/faq
87,Printer4you.com GB Ltd.,https://www.printer4you.com/de/abrechnungsmodelle
89,RDO Kitchens & Appliances,https://www.rdo.co.uk/bosch-free-standing-washing-machine-wan28201gb-white.html
91,Seven Palms Ltd,http://picstop.co.uk/tripods.html
92,I Want One Of Those,http://iwantoneofthose.com/gifts/gifts-for-kids.list
93,Fanatics (International) Limited,http://kitbag.com/stores/kitbag/de/c/herren/fanshop/bundesliga/borussia-dortmund
94,SW Golf Limited,https://www.onlinegolf.co.uk/golf-clothing-shoes/polo-shirts/stuburt-sport-tech-polo-shirt-293380.html?dwvar_293380_variantimage=grey
95,Game Retail Limited,https://www.game.co.uk/webapp/wcs/stores/servlet/HubArticleView?hubId=2496751&articleId=2496751&catalogId=10201&langId=44&storeId=10151#POGuarantee
96,Mankind Direct Ltd,http://mankind.co.uk/brands/ds-laboratories.list
97,OutdoorGear UK Ltd,http://outdoorgear.co.uk/women/socks/thermal/
98,Monster Pet Supplies LLP,http://monsterpetsupplies.co.uk/#
99,Paydens Ltd,http://expresschemist.co.uk/category_1489_exorex.html
100,Gear4Music Limited,http://gear4music.com/bass-guitars/effects-pedals/eq
101,The Hut.com Ltd,http://beautyexpert.com/brands/carita.list
102,Office Holdings Limited,http://office.co.uk/studentdiscount
103,Optimum4 Ltd,http://lindy.co.uk/cables-adapters-c1/i-o-c125/scsi-c129
104,SmartBuyGlasses Optical Limited,http://smartbuyglasses.co.uk/javascript:void(0)
105,Fragrance Direct Limited,https://www.fragrancedirect.co.uk/b/beesline/#pathName=Brand A-Z--BpEnd
106,Bose Limited,http://bose.co.uk/en_gb/special_offers.html#drawer=show&facet=promotionApplied%7CpromotionApplied
107,Lovell Rugby Ltd,https://www.lovellsoccer.co.uk/Football-Boots/adidas/Nemeziz-19+-FG-Football-Boots-White-or-TeamRoyal/395777
108,Swarovski Crystal Online AG,http://swarovski.com/javascript:void(0);
109,GreenFingers Trading Limited,http://greenfingers.com/d694/pergolas
111,Firestar Toys Ltd,https://www.firestartoys.com/Shop/Minifigure-Bodywear.html
112,Hamleys Customer Services,http://hamleys.com/soft-toys.irc
113,Subside Sports Ltd.,https://www.subsidesports.com/uk/sales/guest/form/
114,Direct Cosmetics Ltd,https://www.directcosmetics.com/shop/category/skincare
115,Barmans Ltd,https://www.drinkstuff.com/products/cocktail-shakers.asp?mode=footer
116,PUMA Europe GmbH,http://eu.puma.com/de/en/pd/future-rider-play-on-trainers/371149.html?dwvar_371149_color=06
117,The Hut Group,http://mybag.com/javascript:;
119,Golfposer Ltd,https://www.golfposer.com/accessories/golf-gloves
120,Evengreener,http://evengreener.com/composting-accessories/
121,Mattressonline.co.uk Ltd,http://mattressonline.co.uk/Shop/Mattress-Delivered-Next-Day-C137/
122,Cycles UK Limited,http://cyclesuk.com/bikes/cannondale
123,Giles UK Ltd.,https://www.mastershoe.co.uk/brands/superga
124,FootAsylum,https://www.footasylum.com/brands/adidas-originals/adidas-ozweego/?category_list_brands=kids
125,Cowpen Industrial Estate,https://www.pondkeeper.co.uk/contact/
126,Web Shop Direct Limited,https://www.uktights.com/product/7573/fiore-ouvert-80-crotchless-tights
127,Astrocroft Limited,https://www.mychoice.co.uk/brands/siemens
128,Micron Consumer Products Group,http://uk.crucial.com/support/contact
129,Dorothy Perkins Trading Limited,http://dorothyperkins.com/en/dpuk/category/clothing-203535/petite-clothing-203574?intcmpid=uk-desktop-hp-row4_pos1_shoppetite
130,Commtech IT Solutions Limited,http://hardwarexpress.co.uk/ups-batteries-10-c.asp
131,Blue Tomato GmbH,https://www.blue-tomato.com/de-DE/products/categories/Snowwear-0000004P--Funktionsunterwaesche-0000004U/
132,Ann Summers Ltd.,https://www.annsummers.com/blog
133,TRADEINN RETAIL SERVICES S.L.,https://www.smashinn.com/laden-tennis/astore/2585/m
134,adidas International Trading B.V.,http://reebok.co.uk/pink-trainers
135,Pinnacle Health Limited,http://simplysupplements.co.uk/refer-a-friend
136,Edeloptics GmbH,http://edel-optics.co.uk/Max-and-Co.-Sunglasses.html
137,World of Fashion Limited,https://www.furnitureinfashion.net/sideboard-furniture/
138,Housemakers,https://www.housemakers.co.uk/tiling-supplies/?utm_source=homepage&utm_medium=image&utm_campaign=homepage_links&utm_content=tiling_supplies
139,Craghoppers Ltd,https://www.craghoppers.com/community/travel-writers-field-guide/
140,Quiksilver Europe (aka Na pali S.A.S.),https://www.quiksilver.co.uk/sunscreen/
141,Outdoor and Cycle Concepts Ltd,https://www.cyclesurgery.com/lp/gift-cards-and-evouchers.html
142,Bray Leino Ltd.,https://www.ellis-brigham.com/kids-ski-goggles
143,Gadbrook Park,http://hqhair.com/health-beauty/brands/verso.list
144,Crampton & Moore Television Limited,http://cramptonandmoore.co.uk/finance-options
145,Screen One (C.I.) Limited,http://simplyhe.com/account/register
146,White Stores Ltd.,http://whitestores.co.uk/outdoor-living/gas-firepit-tables.html
147,Appliance House Ltd,http://appliancehouse.co.uk/shop/delivery.html
148,Merlin Cycles Ltd,http://merlincycles.com/sale-84112/
149,The Board Basement Ltd.,https://www.theboardbasement.com/wake/wakeboarding-boots-and-bindings/mens
150,Outdoor and Cycle Concepts Ltd,https://www.snowandrock.com/about-us/modern-slavery-statement.html
151,Outdoor and Cycle Concepts Ltd,https://www.runnersneed.com/c/shoes/trail-running-shoes.html?from=shoesnav
152,E.M.P. Merchandising Handelsgesellschaft mbH,https://www.emp.co.uk/clothing/skirts/
154,Firenze Seta S.R.L.,https://www.uk.forzieri.com/usa/help/security-and-privacy/cookie-policy.asp?l=usa&c=gbr
155,Mister Spex GmbH,https://www.misterspex.co.uk/service/money-back-guarantee
156,Lyco Direct ltd T/A Lighting-Direct,https://www.lighting-direct.co.uk/brands/markslojd.html
157,SJD Supplies Ltd,http://yourspares.co.uk/manufacturers.aspx?Manufacturer_Keywords=T
158,Xbite Limited,https://www.365games.co.uk/external-hard-drives
160,Belle-Lingerie Limited,http://belle-lingerie.co.uk/search/a_po_Size/38F/
161,Leo Products Ltd,https://www.leoofficesupplies.co.uk/office-supplies/arts-crafts/guillotine-trimmers-cutters.html
162,Tailor Store Sweden AB,https://www.tailorstore.co.uk/polo-shirt-fabrics
163,AV Distribution Ltd,https://www.audiovisualonline.co.uk/category/1849/naim/
164,United Online Stores GmbH,https://www.moto24.co.uk/motorcycle-clothing/safety-protection/back-protectors.html
165,Bodykind Ltd.,http://bodykind.com/product/13484-cannabigold-terpenes-cbd-60-x-10mg-capsules.aspx
166,Funbikes Limited,http://funbikes.co.uk/c336_off-road-buggies
167,Tradewinds Europe Limited,https://www.christmastreesandlights.co.uk/christmas-trees.html/
168,The Hut.com (Trading) limited,http://lookfantastic.com/health-beauty/hair/sulphate-free.list
169,Cheltenham Mowers Ltd,https://www.mowers-online.co.uk/garden-water-pump/electric-water-pump
170,Ebuyer (UK) Limited,http://ebuyer.com/store/Computer/cat/Laptops?263=Chromebook
171,Keengardener Limited,https://www.keengardener.co.uk/about
172,G-Star (UK) Limited,http://g-star.com/de_de/shop/damen/winter_jackets
174,Sport-Tiedje GmbH,https://www.sport-tiedje.co.uk/terms-of-delivery
176,Harman International Industries Limited,http://harmankardon.co.uk/content?ContentID=why-buy-direct
177,OutdoorLook t/a Brookes (UK) Ltd,https://www.outdoorlook.co.uk/brands/hawkshead
179,AMERICAN GOLF (TRADING) LIMITED,https://www.americangolf.co.uk/clothing-shoes/mens-golf-shoes
180,TradeInn Retail Services S.L,http://waveinn.com/javascript:void(0)
181,Kiddies Kingdom Ltd,https://www.kiddies-kingdom.com/224_aqua-scale
182,The Entertainer (Amersham) Limited,http://thetoyshop.com/#footerNavList3
183,Cyclestore,http://cyclestore.co.uk/handle_bars
184,Pneus Online Trading C.V,http://tyres-pneus-online.co.uk/car-wheels/aez/
186,Peak Health Distribution Ltd,https://monstersupplements.com/brand/uncle-jack-s.html
188,Target Dry Ltd,http://targetdry.com/products/target-dry-trapper-hat-for-kids
189,Motocard Bike S.L,https://www.motocard.com/equipacion-motocross/guantes?p=1
190,Bike Kit Limited,http://probikekit.co.uk/bicycle-inner-tubes/vittoria-lite-road-inner-tube-700-x-18-23mm/11121068.html
191,Green Man Gaming Limited,https://corporate.greenmangaming.com/
192,Ideal Shopping Direct Limited,http://createandcraft.com/gb/show?icn=tv_new&ici=watch_live_new
193,Merepress Limited,http://hurleys.co.uk/sale/girls-c271
194,Universal Textiles UK Ltd,http://universal-textiles.com/collections/tablecloths
195,The Works Stores Ltd,http://theworks.co.uk/p/clay/das-1kg-white-modelling-clay/8000144074105
196,SPC Marketing,https://ukoutdoorstore.co.uk/wishlist/
198,Case Happy Limited,http://casehappy.co.uk/kindle-touch-2012-cases-75-c.asp
199,Media-Concept Brobedarf GmbH,http://cartridge24.co.uk/OKI/
200,Morphy Richards Limited,http://morphyrichards.co.uk/spares-and-accessories/Ironing-spares/anti-scale-cartridges
201,G2G Ltd,https://www.go2games.com/faq/
202,Charles Bentley & Son Ltd,https://www.charlesbentley.com/garden/garden-accessories/garden-arches.html
203,LA Muscle Limited,http://lamuscle.com/products/vasculator-extreme
206,Benjamin S. Korth,https://berondi.com/demeyere-cookware/demeyere-john-pawson/glass-lids.html
208,Nature's Best Health Products Limited,https://www.naturesbest.co.uk/quickorder/
209,EMU AUSTRALIA (EUROPE) LIMITED,https://www.emuaustralia.com/us/womens/waterproof
210,Tradeinn Retail Services S.L.,http://motardinn.com/Motorsport-Ausruestung/lab/
211,Source BMX,http://sourcebmx.com/collections/bmx-frames/Subrosa
212,Tennis-Point GmbH,http://tennis-point.co.uk/tennis-balls/
213,Perfumeshopping.com Limited,https://www.perfumeshopping.com/calvin-klein-reveal-men.html?CKO10498
214,Tradeinn Retail Services S.L.,http://runnerinn.com/laufen/compressport-r2v2/137327202/p
215,Tradeinn Retail Services S.L.,https://www.bikeinn.com/radfahren/gore--wear-/137067108/p
216,Beauty Base On-Line Ltd.,http://beautybase.com/chopard-m90
217,AS Technology Ltd,http://tonerpeople.co.uk/toner-cartridges/printer/kyocera?s=newTopMenu
218,Argofield Limited,https://www.pricerighthome.com/kids-bedrooms/single-beds.html
220,Best Gadgets 4 All LTD,https://bestgadgets4all.co.uk/180-printers
222,Clickwise Ltd,http://shuperb.co.uk/womens-c3
223,Tradeinn Retail Services S.L.,http://swiminn.com/schwimmen/herrenschwimmanzuge/6009/f
224,Tradeinn Retail Services S.L.,http://snowinn.com/ski-shop/politica/st
226,C.I.M.A S.r.l.,https://www.fabappliances.com/en/53-accessories-for-range-hoods
228,Berghaus Limited,https://www.berghaus.com/outlet?prefn1=Gender&prefv1=Unisex%7CMens
229,TOMS EMEA B.V.,http://toms.co.uk/javascript:void(0);
231,91-93 Great Union Road,http://healthmonthly.co.uk/lower_prices_and_free_uk_delivery
232,Harman International Industries Limited,https://uk.jbl.com/bluetooth-portables/JBL+BOOMBOX+2-.html?dwvar_JBL%20BOOMBOX%202-_color=Black-EMEA-Current
233,Prima Printer Nordic AB,https://www.3dprima.com/3d-printers/manufactures/anycubic/anycubic-photon-s-dlp-3d-printer/a-24350/
235,benuta GmbH,https://www.benuta.co.uk/customer/account/create/
236,BikeFast GmbH,https://www.bikefast.co.uk/imprint-/-legal-information
237,FitnessBit S.L,https://www.fitnessdigital.co.uk/weight-control-blockers/c/211/
238,Samuel Johnston Limited,https://www.samueljohnston.com/en/Room-Decoration/c-78.aspx
239,Aurum Group Limited,http://thewatchhut.co.uk/luxury/hamilton-watches.htm
240,MGC Ltd,http://clickgolf.co.uk/pages/reviews
241,The Hut Group Ltd,http://allsole.com/javascript:;
242,Tradeinn Retail Services S.L.,http://scubastore.com/javascript: void(0);
243,Jack Wolfskin Retail GmbH,http://jack-wolfskin.co.uk/care-products-2/
244,Menkind Stores Ltd,https://www.menkind.co.uk/gaming-gadgets
245,BG Romeril & Co LTD,https://www.uktoolcentre.co.uk/products/karcher-k5-premium-full-control-plus-home-pressure-washer-145-bar-240v.html
247,Spark Etail Limited,http://ethicalsuperstore.com/products/mooncup/mooncup-reusable-menstral-cup/#customer-reviews
248,Philips Electronics UK Limited,https://www.philips.co.uk/c-e/smartsleep.html
249,Digital Operating Models B.V.,https://www.topvitamine.com/herbs/organic-fermented-elderberry-60-tablets-dr-mercola/
250,JD Sport Fashion PLC,https://www.bbclothing.co.uk/en-gb/clothing.html
251,The Manchester United FC Official Online Store,http://store.manutd.com/stores/manutd/de/c/trikots/frauen-team-/harris-2
252,Machine Mart Ltd,http://machinemart.co.uk/p/nilfisk-c13516ip-x-tra-pressure-washer/
253,Lovell Rugby Ltd,https://www.lovell-rugby.co.uk/cookies
254,Nisbets Plc,http://nisbets.co.uk/freereturns?cm_sp=NHP%20Footer-_-Returns-_-Returns
255,Shoe Zone Ltd,https://www.shoezone.com/StoreLocator
256,Sonic Megastore Ltd,http://sonicdirect.co.uk/cat/Hair-Dryers-Shavers-Toothbrushes
257,Zestbeautycare.com,http://zestbeauty.com/#
258,Unit 27 Hornsby Square,https://www.fragrancescosmeticsperfumes.com/hair-care/hair-care-styling.html
259,Gudrum Classics Limited,http://gardenchic.co.uk/construction-and-building-wheelbarrows-c191
260,The Carphone Warehouse Limited,http://mobiles.co.uk/huawei-phones
261,Joules Limited,http://joules.com/Home-and-Garden/Toys-Crafts?mmid=Gifting-_-Popular-_-ChildrenToys
262,Atom Supplies Limited,https://www.masterofmalt.com/beer/apa-american-pale-ale/
263,Apro Group Limited,https://aprogroup.co.uk/459-1171-ap06-single-bed-frame-pine.html#/1-size-3ft_single_90x190/9-colour-pine
264,Buywise Domestics Limited,https://buywiseappliances.co.uk/cooking/ovens.html
265,Brentwood Golf Centre,https://www.discountgolfstore.co.uk/golf-clothing/galvin-green-clearance-clothing/gloves.html
266,Bresser UK Ltd,https://www.telescopehouse.com/accessories/observing-aids.html
267,Serata Software,https://bluenandu.uk/mcafee-livesafe-1-year
268,Newmega Limited,https://www.claires.com/delivery-info.html?lang=en
269,Tower Boots Ltd.,https://www.tower-london.com/brands/tommy-hilfiger
270,Amzgameco Limited,https://uniregistry.com/market/domain/scdkey.uk
271,Hertford Digital Audio Limited,https://www.ortonsaudiovisual.com/tv-projection/tv/in-wall-televisions.html
273,MyOptique Group Ltd,http://glassesdirect.co.uk/gender/female/brand/kate-spade/
274,Hi-Fi Excellence Limited,https://www.hifix.co.uk/speakers/speaker-accessories/remote-controls
275,HAIX Schuhe Produktions und Vertriebs GmbH,https://www.haix.co.uk/non-metallic-safety-boots/
276,StoreKit Ltd,https://storekit.com/kits/
277,The Hut.com Limited,http://insyncbikes.com/service-support.list
278,Ilium Retail Limited,http://capitaloutdoors.co.uk/collections/parasols-bases
279,Parfmerie Akzente GmbH,http://parfumdreams.co.uk/Sans-Soucis
280,Yellow Bulldog Ltd,http://geekstore.com/collections/accessories
281,CJS Sales & Services LTD,https://www.cjs-cdkeys.com/products/Xbox-Game-Pass-Ultimate-%252d-14-Days-%28Xbox-One-%7B47%7D-Windows-10%29.html
282,Hansons of Leicester Limited,http://choicefurnituresuperstore.co.uk/French-International-b249.html
283,Musto Limited,https://www.musto.com/default/activity/collections/comfort-collection/mens/
284,Viovet Ltd,http://viovet.co.uk/brands/1576-Science+Plan/page-1.html?vioban_type=image&vioban_id=9820&vioban_ts=1588280540
285,KRM (Great Britain) Limited,http://eccoshoesuk.com/mens/c14#esp_cf=Features&esp_filter_Size=40
286,Isi GmbH,https://superbath.co.uk/accessories
287,Techinthebasket,https://www.techinthebasket.com/computering/laptop/alldocube.html
288,Bresser UK Ltd,https://www.bresseruk.com/astronomy/mounts/explore-scientific-mounts.html
289,3 Brewster Place,https://www.xs-stock.co.uk/clothing-footwear/girls/
290,Alexandra Retail Limited,http://gardenstreet.co.uk/sale
291,HJH Office GmbH,https://www.hjh-office.co.uk/Warranty-information/
292,Channel Management Solutions Ltd.,https://www.technextday.co.uk/samsung-860-evo-2-tb-2000gb-25-serial-ata-iii-mz76e2t0beu
293,Buy it Direct Ltd,http://dronesdirect.co.uk/st/electric-scooters
294,Lampenwelt GmbH,https://www.lights.co.uk/light-bulbs/
295,Little High Street,http://sextoys.co.uk/buyer-guides/lingerie-clothing/clothing-faqs/
298,Ecredible Deals Limited,http://rlrdistribution.co.uk/viewproduct/20404/akai-aktv6536us-65-smart-uhd-4k-tv/
299,Wickey GmbH & Co.KG,http://wickey.co.uk/swing-sets/double-swing-sets.html
300,FORZA Industries Ltd,http://forzasupplements.co.uk/pages/deliveries
301,Natalia Isakova,https://kraftika.shop/en/resin-en/
302,United Games GmbH,http://mcgame.com/de/publisher/n3v%2520Games
303,internetstores GmbH,http://addnature.co.uk/clothing/jackets-vests/softshell-jackets.html
304,D.T. (Automotives) Limited,https://www.demon-tweeks.com/uk/motorsport/car-preparation/guards-mudflaps-brackets/
305,Blowfish ltd,https://www.shop4body.com/hair-removal/trimmers-clippers-body-groomers.html
306,Medino Online Ltd,http://medino.com/category/fertility-and-pregnancy
307,Decntalo Vinos SL,https://www.decantalo.com/es/accesorios-para-el-vino/
308,Subtel GmbH,https://www.subtel.co.uk/Lens-Accessories/
309,STREET HUB,https://www.trouva.com/boutiques/locations
311,Fiver London Ltd,http://everything5pounds.com/en/cart
312,Jeujouet.com SAS,https://jeujouet.co.uk/lulus-blog/
313,Xbite Limited,http://shop4world.com/stores/fitness
314,Homescapes Europa Limited,https://www.homescapesonline.com/accessories/wall-art.html
315,Instruments4music Ltd,http://instruments4music.co.uk/rhythm/bongo/10780_0c.html
316,Snowleader SAS,https://www.snowleader.co.uk/en/street/women-s-clothing/shorts.html
317,Skydiver Market Services Ltd.,http://fitsperfect.eu/?ObjectPath=/Shops/61849691/Products/0418
318,megaimport.pl Pawel Cieslak,http://campalo.co.uk/Privacy-Policy-cterms-eng-45.html
319,OCTO IT AG,https://www.octo24.com/shop/de/Peripherie/Webcam:::430_479.html
320,Maison En Vogue SAS,https://www.pib-home.co.uk/lighting/ceiling-lights/industrial-hanging-lamp-retronom-black-40-cm=0401694
321,Nicholas James Howard (Seriously Sensual),https://www.seriouslysensual.co.uk/accessories/hosiery/stockings/
322,Ego Shoes Ltd,https://ego.co.uk/boots/ankle-boots.html
323,Greaves Sports Limited,http://greavessports.com/sports-c119/rugby-c4916/footwear-c4918/kids-t449
324,xTWO GmbH,http://xtwostore.com/keuco.html
325,Hammer Sport AG,http://www.hammer-fitness.co.uk/
326,ASICS Europe B.V. incorporated,https://www.asics.com/de/de-de/womens-netball-shoes/c/as20217000/
327,VF International S.A.G.L,https://www.kipling.com/de-de/cookies/
328,Acer UK Ltd,https://uk-store.acer.com/accessories/mice
329,Sports Merchandising Ireland Ltd,https://www.thegaastore.com/en/Womens/c-3276.aspx?BrandIDs=342
330,BOX LIMITED,http://box.co.uk/msi-graphics-cards
331,VINELLO c/o cusati GmbH,https://www.vinello.de/-kontakt-de
332,Fanatics (International) LTD.,http://f1store.formula1.com/stores/f1/de/c/collections/ayrton-senna
333,Watchmaster ICP GmbH,https://www.watchmaster.com/en/shop/breitling/navitimer
334,Bargainmax Limited,https://www.bargainmax.co.uk/brand/super-mario.html
335,Select Security & Electrical Supplies Ltd,https://www.electricalworld.com/en/Sleeving/c-326.aspx
336,Tredz LTD.,http://tredz.co.uk/cycling-trousers
338,Etrias BV,http://outdoorsupply.co.uk/equipment/accessories/knives
339,Aquatuning GmbH,http://aquatuning.co.uk/AtsdRma/guest
340,Helly-Hansen (U.K.) Limited,https://www.hellyhansen.com/de_de/kids-juniors/kids/jackets
341,Chesnut Street,http://alanwadkinstoolstore.co.uk/accessories-c3/roughneck-garden-tools-c305
342,ASICS Europe B.V. incorporated,https://outlet.asics.com/de/de-de/gel-nimbus%E2%84%A2-21/p/1012A156-500.html
343,Tuerrschmidtstrasse 16,https://respectphono.de/plattenspieler
345,Schuh Benner GmbH & Co. KG,https://www.shoesyouwant.com/Men/Sandals/Comfort-Sandals
346,TRADEINN RETAIL SERVICES S.L.,http://traininn.com/javascript:mostrar_familias_mobile();
348,Wickey GmbH & Co.KG,http://fatmoose.co.uk/privacy-and-data-protection.html
349,Fanatics (International) Limited,http://europe.nflshop.com/stores/nfl/de/c/kinder/kollektionen
350,Fanatics (International) LTD,http://shop.mancity.com/stores/mancity/en/c/homeware/bedroom/curtains
351,TyresNET GmbH,http://tyres.net/accessories/antifreeze
352,Suttons Consumer Products Limited,http://support.dobies.co.uk/javascript: void(0);
354,SmartCooki.com Ltd,https://www.bedeckhome.com/delivery
355,Canon Europa N.V.,http://store.canon.co.uk/laser-printers/
356,2 F SAS,https://www.ekosport.co.uk/4-891-trail-running-clothing/mens-g.html
357,Fanatics,http://shop.realmadrid.com/stores/realmadrid/de/c/mode
358,Trendhim ApS,https://www.trendhim.co.uk/tie-clips/collar-pins-bars-c.html
359,Compulsi EOOD,https://uk.mytrendylady.com/contact-us
360,Fanatics (International) Limited,http://nbastore.eu/stores/nba/de/c/trikots
361,Outdoor and Cycle Concepts Ltd,http://help.cotswoldoutdoor.com/hc/en-gb/articles/360001556819-How-to-track-your-order
362,UK Good Deals Limited,http://ghostbikes.com/brands-sena/
363,Winfield's Limited,https://www.winfieldsoutdoors.co.uk/women/clothing/shirts-t-shirts/
364,TOOLPORT GmbH,http://houseoftents.co.uk/#
365,Joshua James Ventures Limited,http://joshuajamesjewellery.co.uk/competitions
366,Converse Netherlands B.V,http://www.converse.com/de/products/converse/damen/kollektion/classic-chuck?lang=de_DE&nav_fo=lightweightnav-damen-kollektion-classicchuck
369,Fanatics (International) Limited,http://englandstore.com/stores/fa/en/c/kits/goalkeeper-kit
370,UK Swimwear,https://www.ukswimwear.com/customer?xCmd=fpshow
371,Samsung Electronics (UK) Limited,http://samsung.com/de/aktuelle-informationen-service
372,Nuance Communications,http://nuance.com/#!
373,VOSS GmbH & Co. KG,http://electric-fence.co.uk/animal-type/goat/conductors.html
374,Marks and Spencer plc,http://marksandspencer.com/l/beauty/ren#intid=gnav_beauty_shop%20by%20brand_ren
375,KRCS Group Ltd,https://www.krcs.co.uk/audio
376,Office Holdings Limited,http://offspring.co.uk/mens?BRAND=Nike
377,Fashion Trends Group Ltd,https://sneakerstudio.com/search.php?text=martens
379,Cromwell Group,http://zoro.co.uk/reviews
381,Bjrn Borg Retail AB,https://www.bjornborg.com/en/women/womens-sportswear/sport-tops
382,Scand. Design Online AB,http://nordicnest.com/cookware--kitchen-accessories/kitchen-knives--accessories/ceramic-knives/
383,Office Depot International (UK) Limited,http://viking-direct.co.uk/en/cleaning-hygiene-c-100/cleaning-detergents-c-10002/floor-cleaners-c-10002014
385,FootLocker Europe.com B.V.,https://www.footlocker.co.uk/en/all/
386,Anja's Magic box,http://anjasmagicbox.co.uk/?ObjectPath=/Shops/58d97be4-c67b-468e-b064-97857aaf1813/Products/BP-BXA
387,Per Sempre Toys (Van Egmond Beheer B.V.),https://www.persempretoys.com/indoor-play/toys-play-sets/toys-equipment-tools
388,TRADEINN RETAIL SERVICES S.L.,http://goalinn.com/javascript:void(0)
389,D.T.(Automotives)Limited,https://www.tweekscycles.com/uk/section/accessories
390,DEALBUYER (UK) LTD,http://dealbuyer.com/products/579/Computing_Laptops/
391,Alpinstore SAS,https://www.alpinstore.com/fr/categ/1970-sacs-a-chaussures
392,Plusmobi,https://plusmobi.net/Ipad-Cases/Cases-iPad-Air-2
393,Jackson Sports Limited,https://www.jackson-sports.com/en/Gaiters/c-83.aspx?AttributeValueIDs=2323,2325
394,Beko PLC,http://shop.beko.co.uk/PagesPublic/home/home.aspx
395,Feed Dynamix GmbH,https://www.dv247.com/en_GB/GBP/Pro-Audio/cat-RECORDING
396,Poppets Toys and Gifts Ltd,https://poppets.biz/brands/jellycat/cordy-roy-jellycat.html
397,Burn-Out S.r.l.,https://www.burnoutmotor.com/it/386-stivali-moto-impermeabili
398,Fanatics (International) Limited,http://englandrugbystore.com/stores/ers/en/c/fashion/mens/rugby-jerseys
399,Fanatics (International) Limited,http://fanatics.co.uk/stores/fanatics/de/c/soccer/serie-a
400,TRADEINN RETAIL SERVICES S.L.,http://dressinn.com/javascript:void(0);
401,Software Service 1A Ltd,https://www.buysoftwareonline.co.uk/Return-guarantee-_-11.html
402,Universal Distribution Worldwide Limited,http://keyonline.eu/sicherheit/bitdefender/bitdefender-antivirus-plus-1-pc-3-jahre_1228_4228
403,Park Cameras Limited,http://parkcameras.com/p/9242016A/sony-e-mount-lenses/tamron/tamron-70-180mm-f28-di-iii-vxd-sony-fit-lens
404,lizengo GmbH & Co. KG,https://www.lizengo.de/microsoft/windows-server
405,Donaghy Bros,https://donaghybros.co.uk/cooking/freestanding/range-cooking.html
406,Hillside Security Limited,https://cctvbuilder.com/product-category/intrusion/
407,expondo GmbH,https://www.expondo.co.uk/agricultural-supplies/
408,d2time,http://d2time.co.uk/trending-mens-watches-c102x3314835
409,Wardow GmbH,https://www.wardow.com/reisetaschen
410,WildBounds Ltd,http://wildbounds.com/collections/mugs-and-tumblers
411,MSOfficehandel UG (haftungsbeschrnkt),https://www.blitzhandel24.de/office/
413,Frontline Healthcare Ltd,https://www.chemist.co.uk/skincare/make-up/eyes/brows.html
414,Beauty Luxe Distributions S.L.,http://perfumesclub.co.uk/en/estee-lauder/double-wear-fluid-spf10/p_78810/
415,Unit 10 Woodford Trading Estate,http://laptopoutlet.co.uk/laptops-and-notebooks/student-laptops.html
416,Naturtrend Impex Kft.,https://shop.naturtrend.com/en/peddig-cane-28
417,LDLP Limited,http://beautyflash.co.uk/decleor-brand.html
418,C W Sellors (Gold & Silversmiths) Ltd,http://cwsellors.co.uk/collections/laco-watches
419,Distance S.A.,http://distance.eu/brands/nike
420,iBizz GmbH,https://www.timeshop4you.co.uk/watches/mens-watches/
421,Volcom Ltd,http://volcom.co.uk/collections/womens-collections
422,Stormsure Limited,https://www.stormsure.com/blog.html
425,BM TECH Marek Stefan Bialic,https://uk.dropmax.pl/en/searching.html
426,Express Brands Ltd,http://expresstrainers.com/brands-other-311-s/
427,LGL Ltd,https://www.lenstore.co.uk/acuvue/daily-disposables/acuvue-oasys-1-day-for-astigmatism_p468
428,Clanto Services s.r.l.s,http://clanto.shop/archiviazione-esterna/33-pendrive-nextlevel-otg-type-c-chiavetta-flash-usb-30-fino-a-150mbsec.html
429,Dawsons Music Ltd,https://www.dawsons.co.uk/guitars/guitar-effects/overdrive
430,Masons Yorkshire Gin Ltd,https://www.masonsyorkshiregin.com/gin-cocktails/
431,Perfumeria Sabina S.L.,http://sabinastore.com/index.php?controller=contact&id_contact=2
432,Domu Brands Ltd,https://www.vonshef.com/vs_en/baking
433,GASTROBACK GmbH,https://gastroback.co.uk/note
434,Millesima SA a conseil d'administration,http://millesima.co.uk/saint-julien.html
435,BMGG EUROPE GmbH,https://onkron.co.uk/product/onkron-tv-mount-for-22-42-up-to-30-kg-np24-black/
436,Musical Images Limited,http://musical-images.co.uk/
437,Winparts BV,http://winparts.co.uk/brake-system/abs-sensor-attrition/abs-sensors/c617.html
438,Bergzeit GmbH,http://bergzeit.co.uk/lp/lifestyle/
439,Begg Shoes and Bags Ltd,http://beggshoes.com/blog/student-discount/
440,Connox GmbH,https://www.connox.co.uk/connoxplus-registration.html
441,Oldrid & Co Limited,https://www.oldrids.co.uk/our-delivery-to-you
442,MHstar UK Ltd,http://aosom.co.uk/category/motorcycle-tool-kit~224/
443,Wadebridge Ltd,https://www.annscottage.com/en/25-OFF-SALE/cc-68.aspx
444,Top Labels Online Ltd,http://toplabelsonline.com/collections/new-arrivals/products/animal-clothing-men-s-highway-jacket-silver-cl9wq117
445,GoBeyond Ltd.,https://www.memoryc.com/26438-240gb-transcend-esd350c-usb3-1-type-c-portable-ssd.html
446,Limes Court,http://acotisdiamonds.co.uk/women-c12/pendants-c46/trollbeads-conch-pendant-tagpe-00073-p2029
447,eBay International AG,https://svcs.ebay.com/delstats/clk/rtm?url=https%3A%2F%2Fwww.ebay.de%2Fdeals&p=100003&mc=Z3VpZD1jY2YyYTNlNDE3MTBhYTQ3YWY0MjZlZmFmZjQzYTZmMHx1bD1kZS1ERXxidz1MQVJHRXx0ZHQ9aWlkOjIwNzU5MjQ0MzUzOTUxNjE3ODMsY2xraWQ6MjA3NTkyNDQzNTM5NTE2MTc4MnxwbG10PShjaWQ6MzY5MTMgZ2JoOiBpaWQ6MjA3NTkyNDQzNTM5NTE2MTc4MyBtaWQ6NTU1MDggcGlkOjEwMDAwMyBzaWQ6LTEgdGlkOjQxZWMwZmY1LTI0N2EtNGY3NS04MjEyLTA3YjNkZmU3OWNhMyB0dHlwZTpIT01FX1BBR0VfQkFOTkVSX1ZFTE9DSVRZIHZpZDpmNTJlNWJjMDI5NjZmMWUxMWM3ZWM2MTM2NzEzNWNjMTQyNWZhYjEwMDk3MzM3ODNmZmQzNjUwMjk4NGVmN2FlKXx1Yz03N3xtPTU1NTA4fGJzPTc3fDEyPTc3&_trkparms=pageci%3Ad9b059d6-8b27-11ea-86d0-74dbd18013a3%7Cparentrq%3Accf2a3d81710aa47af4e926fffc3b753%7Ciid%3A0
448,niceshops GmbH,http://3djake.uk/info/delivery-distribution#shop_help2_delivery_1
449,adidas (UK) Ltd,http://skinflint.co.uk/./?o=10
450,advanced players Ltd,https://www.advancedmp3players.co.uk/shop/Accessories.7/FiiO.406/BTR5/FiiO_BTR5_Bluetooth_Headphone_Amplifier.15408.html?am3sid=4ij17etvo5eur41mo1p7l5cia6
452,Apple distribution International,https://investor.apple.com/
453,Appliance electronics UK Ltd,http://applianceelectronics.co.uk/products/371/oled
456,BG Stores,http://bgstores.co.uk/index.php?main_page=index&cPath=982_1045_1136
457,Big Green Smile Ltd,http://biggreensmile.com/products/weleda-skin-food/welskinfood.aspx?productid=welskinfood&v=WELSKINFOOD
459,Nagook Ltd,https://www.bondara.co.uk/brands/allure
461,A1 Comms Limited,https://www.buymobiles.net/samsung/galaxy-s20-cosmic-grey
462,Camera World Ltd,http://cameraworld.co.uk/camera-filters/lens-protection-filters.html
463,Canine Concepts Ltd,https://canineconcepts.co.uk/product-category/dog-accessories/dog-boots/
464,Note: merchant located in UK,https://www.mcafeesecure.com/verify?host=www.cartridgeshop.co.uk
465,CBC computer Systems Ltd,http://cbccomputers.com/#site-header-nav
466,Innox Trading Ltd,https://www.chemist-4-u.com/pharmacy/digestion-stomach/diarrhoea
467,QD Commercial Group Holdings Ltd,http://cherry-lane.co.uk/products/home-furniture/contemporary-furniture/lancaster-range/page-1.html
468,CraftStash Ltd,https://www.craftstash.co.uk/craft-essentials/tools/blending-tools-ink-accessories
469,DSG Retail Limited,http://partmaster.co.uk/accessories/catalogue.pl?path=663868
470,Nxpower (UK) Ltd,http://cyberpowersystem.co.uk/category/gaming-pcs/
471,Allegro Supplements Ltd,https://www.discount-supplements.co.uk/grenade-carb-killa-12-x-60g-bar-s.html
472,Love Shopping Direct Ltd,http://energybulbs.co.uk/collections/architectural-lamps
473,NLS Security Ltd,https://www.esafes.co.uk/sentribox
474,Euroffice Ltd,http://euroffice.co.uk/#
475,Note: merchant located in Ireland,https://exdemohut.com/printers
476,Falcon Computers Ltd,http://falconcomputers.co.uk/catalogue/productlisting/view/catid-100000479
477,Fitness Options (Nottingham) Ltd,http://fitnessoptions.co.uk/brand-icaros
478,Fragranceexpert Ltd,https://www.fragranceexpert.com/stocking-stuffers.html
479,Gamola Golf,http://gamolagolf.co.uk/acatalog/Golf-Socks-p1.html
480,The Skincare Sanctuary Ltd,http://gatineau.co.uk/About-Gatineau#Our-Vision
481,Golfsupport.co.uk Ltd,https://golfsupport.com/golf-clubs/golf-putters/odyssey-stroke-lab-black-putters
482,Harrod UK LTD,https://www.harrodhorticultural.com/christmas-gift-ideas-under-25-cid249.html
483,Hughes TV & audio Ltd,https://www.hughes.co.uk/tv-and-entertainment/televisions/sony-2020-tvs/
484,Incredibledirect Ltd,https://www.incredibledirect.com/customer/account/
485,NRS Innovations Ltd,https://www.jtxfitness.com/cross-trainer-hire-or-buying-advice/
486,Jungle Gym B.V.,https://www.junglegym.co.uk/climbing-frames/climbing-frames-accessories/extension-modules
487,Manor farm (Herts) Ltd,https://www.just-rackets.co.uk/shop/other-sports/baseball/baseball-bats.html
488,Just Vitamins Ltd,http://justvitamins.co.uk/Blog/Pregnancy.aspx
489,Liontreck Ltd,http://kateskates.co.uk/shop/primitive_b01111214595.htm
490,digital fusion LTD / digital-fusion.co.uk,https://www.kinetiklamps.co.uk/HITACHI/CP-A100J-DT00891-GLH-386?action=buy_now&osCsid=93gfc4n2deqm052ec2sq0ppo55
491,KSN,http://www.ksn-online.co.uk/three-1gb-mobile-broadband-sim-card-pack-pay-you-preloaded-topup-p-8980.html
492,Lemongold Ltd,https://www.landyschemist.com/shop-by-department/vitamins-minerals-and-food-supplements/essential-fatty-acids/linseed-oil
493,Voltacon UK Ltd,http://ledison-led-lights.co.uk/javascript:void(0);
494,Note: merchant located in the Czech Republic,http://lentiamo.co.uk/delivery-payment-information.html#payment
495,Richard Hathaway Lighting Ltd,http://lights4living.com/low-energy-picture-lights/c142
496,Locks On Line Limited,https://www.locksonline.co.uk/Marine-Locks/Timage-Marine-Door-Furniture-and-Locks.html
497,Second Chance PC Limited,https://www.macupgrades.co.uk/store/installation_service.php
498,Hanaco Ltd,https://www.magicvision.eu/brand/samsung.html
499,Note: merchant located in Germany,http://magix.com/es/
501,Note: merchant located in Ireland,https://www.microsoft.com/de-de/techwiese/events/microsoft-virtual-training-week.aspx
502,Paul Taylor GPA Ltd,http://www.mrmdvd.com/catalog/
503,The Hut.com Ltd,http://myprotein.com/sports-t-shirts/mp-training-men-s-t-shirt-washed-blue-marl/12147467.html
504,Note: merchant located in Austria,https://www.myrobotcenter.co.uk/en_gb/household-robots/grill-cleaning-robots
505,Alloy Sales Ltd,https://www.mytoolshed.co.uk/vitax
506,MyTrendyPhone UK LIMITED,https://www.mytrendyphone.co.uk/shop/selfie-sticks-257213c1.html
508,Techex Ltd,https://www.onevideo.co.uk/manufacturer/antrica
509,Online 4 Baby Ltd,https://www.online4baby.com/our-showroom?utm_source=MainPage&utm_medium=BannerSlot7
510,Perfume click Ltd,http://perfume-click.co.uk/Best-Sellers-Perfume-Aftershave/?c=41
511,personalprojector.co.uk,https://www.personalprojector.co.uk/directory/currency/switch/currency/LVL/uenc/aHR0cHM6Ly93d3cucGVyc29uYWxwcm9qZWN0b3IuY28udWsv/
512,computer Risk management Ltd,http://printerland.co.uk/printers/xerox/laser
513,Proporta.com Ltd,http://proporta.co.uk/pages/about
514,PSA Parts Ltd,http://psaparts.co.uk/usb/index.html
515,Red Candy Ltd,https://www.redcandy.co.uk/terms-and-conditions
516,Note: merchant located in Germany,http://reichelt.com/?ACTION=72
517,revolution beauty Ltd,https://www.revolutionbeauty.com/uk/en/hair/semi-permanent-hair-colour
518,Ripped Knees Ltd,https://www.rippedknees.co.uk/native-scooters
519,RL Supplies Ltd,https://www.rlsupplies.co.uk/41-network-cables
521,Skream Ltd,http://shopto.net/en/apple-cases/
522,Simply Scuba Ltd,http://simplybeach.com/pages/about-us
523,Simply Scuba Ltd,http://simplyscuba.com/collections/padi
524,B-Sporting Ltd,https://www.sportsshoes.com/gore-tex/
526,T H Baker and Company (Established 1888) Ltd,https://www.thejewelhut.co.uk/nomination-rose-gold/
527,The little Safe Company Ltd,http://safes.co.uk/lowest-price-guarantee
528,The Supermarket Online.com Ltd,http://theofficesuppliessupermarket.com/product/BIZ1500MONO/jabra-biz-1500-mono-qd-headset
529,The sports Edit Ltd,http://thesportsedit.com/blogs/news/best-home-workout-apps
530,Speciality Drinks Ltd,http://thewhiskyexchange.com/customerservice/shopping-payment
531,advancer Ltd,http://tomtop.com/belts-10490/
532,Robovision Ltd,http://tptoys.com/outdoor-toys/ride-ons
533,Artemis Home Ltd,http://nextdaytrampolines.co.uk/sale/16ft/
534,Artemis Home Ltd,http://trampoline-warehouse.co.uk/store.aspx?brand=1009
535,Nimbus Designs Ltd,https://www.tvcables.co.uk/p/computer-cables/firewire-cables/4-pin-to-4-pin-firewire-cable?id=wvLRHmWj
537,UK MOBILE Store,http://uk-mobilestore.co.uk/collections/accessories-phone-accessories-desk-stands/products/official-samsung-galaxy-s20-plus-45w-fast-wall-charger-uk-plug-white-ep-ta845xweggb
538,RCD Retail Ltd,https://www.uksportimports.com/table-games/table-football
541,Vivomed Ltd,http://vivomed.com/product-category/sports-tapes/sports-taping-kits
542,Warwick Test Supplies Ltd,http://warwickts.com/4638/W9524RC-14-Pin-DIP-Socket
543,Aurum Holdings Ltd,http://watchshop.com/jewellery/mens-cufflinks-c6419.html
544,Wickes Building Supplies Ltd,http://wickes.co.uk/Products/Doors+Windows/Door-Frames+Fixings/Exterior-Door-Lining+Frames/c/1001166
545,universal Pictures (UK) Limited,http://zoom.co.uk/category/merchandise_stores/funko
