id,name,shop_url,agb_url
1,motoin GmbH,motoin.de,https://www.motoin.de/AGB:_:3.html
2,ISARNEMA GmbH,alltyres365.co.uk,https://alltyres365.co.uk/?cid=20#Terms%20&%20Conditions
3,Cheltenham Mowers Ltd,lawnmowers-uk.co.uk,https://www.lawnmowers-uk.co.uk/terms?information_id=5
4,Foto Konijnenberg B.V.,static.fotokonijnenberg.nl,http://static.fotokonijnenberg.nl/files/Terms-of-Supply_Foto-Konijnenberg.pdf
5,Delticom Tyres Ltd.,mytyres.co.uk,https://www.mytyres.co.uk/AGBs.html
6,Notino International Limited,notino.co.uk,https://www.notino.co.uk/terms-and-conditions/
7,Delticom Tyres Limited,tyres-guru.co.uk,https://www.tyres-guru.co.uk/AGBs.html
8,Simply-Electricals,simplyelectricals.co.uk,https://www.simplyelectricals.co.uk/terms
9,DSG Retail Limited,currys.co.uk,https://www.currys.co.uk/gbuk/terms-and-conditions-1044-theme.html
10,Direct Healthcare Limited,chemistdirect.co.uk,https://www.chemistdirect.co.uk/terms-and-conditions
11,Amazon EU Srl,amazon.co.uk,https://www.amazon.co.uk/gp/help/customer/display.html?ie=UTF8&nodeId=1040616
12,Delticom Tyres Limited,123tyres.co.uk,http://www.123tyres.co.uk/AGBs.html
13,ALENSA,alensa.co.uk,https://www.alensa.co.uk/information/terms-and-conditions.html
14,Uksoccershop Ltd,uksoccershop.com,https://www.uksoccershop.com
15,Visunext UK Ltd.,visunext.co.uk,https://www.visunext.co.uk/en/company/terms-and-conditions/
16,Senetic LTD,senetic.co.uk,https://www.senetic.co.uk/site/terms_and_conditions/
17,CHAL-TEC GmbH,auna-multimedia.co.uk,https://www.auna-multimedia.co.uk/Terms-and-Conditions/
18,BT Group plc,shop.bt.com,https://shop.bt.com/help/policies/terms-of-use
19,The Hut.com Ltd.,zavvi.com,https://www.zavvi.com/articles/terms-conditions.list
20,Electrical discount UK.co.uk Limited,electricaldiscountuk.co.uk,https://www.electricaldiscountuk.co.uk/customerserv.php/
21,Shop Direct Home Shopping Limited,idealo.co.uk,https://www.idealo.co.uk/shop/320025/staples-co-uk.html
22,AO Retail Limited,bootskitchenappliances.com,https://www.bootskitchenappliances.com/services/Terms_and_conditions.aspx
23,Buy it Direct Ltd,laptopsdirect.co.uk,https://www.laptopsdirect.co.uk/asp/terms.asp
24,Bunny Appliance Warehouse Ltd.,appliancecity.co.uk,https://www.appliancecity.co.uk/terms.asp
25,Delticom Tyres Ltd.,tyres-outlet.co.uk,https://www.tyres-outlet.co.uk/AGBs.html
26,The Carphone Warehouse Limited,carphonewarehouse.com,https://www.carphonewarehouse.com/terms-and-conditions.html
27,John Lewis PLC,johnlewis.com,https://www.johnlewis.com/customer-services/shopping-with-us/terms-and-conditions
28,FC-Moto GmbH & Co. KG,fc-moto.de,https://www.fc-moto.de/epages/fcm.sf/en_IE/?ObjectPath=/Shops/10207048/Categories/TermsAndConditions
29,Glotech Limited,glotech.co.uk,https://www.glotech.co.uk/content/terms-and-conditions/
30,Demon Tweekes Limited,uberkids.com,https://www.uberkids.com/terms-conditions/
31,AO World PLC,ao.com,https://ao.com/ContentHubRoot/HelpAndAdvice/General/my-ao/terms-and-conditions
32,Marks Electrical Limited,markselectrical.co.uk,https://markselectrical.co.uk/terms-and-conditions.html
33,J W Garnett Limited,go-electrical.co.uk,https://www.go-electrical.co.uk/view/area/Default/section/Documents/CustomerService/tsandcs
34,Lee Industrial Limited,tooled-up.com,https://www.tooled-up.com/help/termsuse/
35,Novatech Ltd,novatech.co.uk,https://www.novatech.co.uk/termsandconditions.html
36,UK Office Direct Limited,ukofficedirect.co.uk,https://www.ukofficedirect.co.uk/help/topic/general-terms-and-conditions
37,Warehouse Express Limited,wexphotovideo.com,https://www.wexphotovideo.com/help/terms-and-conditions/
38,TRADEINN RETAIL SERVICES S.L.,trekkinn.com,https://www.trekkinn.com/outdoor-mountain
39,ALTERNATE GmbH,alternate.co.uk,https://www.alternate.co.uk/html/help/content.html?docId=148
40,The Wright Buy Ltd.,thewrightbuy.co.uk,https://www.thewrightbuy.co.uk/
41,The Cartridge People (Group) Limited,cartridgepeople.com,http://www.cartridgepeople.com/UserTemplate/Content___page=terms.html
42,Passiontec GmbH,passiontec.co.uk,https://www.passiontec.co.uk/agb.html
43,La Nuova Culla del Bimbo di Leonardo ed Olivia Niro S.R.L.,welcomemrbaby.com,https://www.welcomemrbaby.com/terms-and-conditions.html
44,Boots UK Limited,boots.com,https://www.boots.com/webapp/wcs/stores/servlet/CMSCategory/27344?storeId=10052&langId=-1&catalogId=11051
45,Chain Reaction Cycles Ltd.,chainreactioncycles.com:443,https://www.chainreactioncycles.com:443/customer-service/terms-and-conditions
46,LEGO System A/S,lego.com,https://www.lego.com/en-gb/page/terms-and-conditions
47,SweatBand.com,sweatband.com,https://www.sweatband.com/Terms.aspx
48,Buy It Direct Limited,appliancesdirect.co.uk,https://www.appliancesdirect.co.uk/content/customer-service
49,TVA Technology Limited,electricshop.com,https://www.electricshop.com/page/terms
50,MyMemory Ltd,mymemory.co.uk,https://www.mymemory.co.uk/terms-and-conditions/
51,JD Sports Fashion Plc,blacks.co.uk,http://www.blacks.co.uk/TermsandConditions
52,7dayshop.com Limited,7dayshop.com,https://www.7dayshop.com/terms-and-conditions
53,fotoSENSE Ltd,fotosense.co.uk,https://www.fotosense.co.uk/terms
54,Compagnia Lingua,electronic-translators.co.uk,https://electronic-translators.co.uk/en/Terms_and_Conditions.html
55,eXXpozed - sports & fashion Andreas Oliver Bindhammer e. K.,exxpozed.com,https://www.exxpozed.com/support/terms/
56,Tirendo Holding GmbH,tirendo.co.uk,https://www.tirendo.co.uk/terms-and-conditions/
57,JMS Janitorial Supplies Ltd,cleanstore.co.uk,https://www.cleanstore.co.uk/terms.asp
58,The John David Group plc,jdsports.co.uk,http://www.jdsports.co.uk/help.aspx?id=8
59,F.W. Evans Cycles (UK) Limited,evanscycles.com,https://www.evanscycles.com/help/terms-and-conditions
60,MCKAY (NEWTOWNARDS) LIMITED,lifeandlooks.com,http://www.lifeandlooks.com/dsp_temsandconditions.cfm
61,The Hut.com Ltd,thehut.com,https://www.thehut.com/articles/terms-and-conditions.list
62,Giga GmbH,giga-tyres.co.uk,https://www.giga-tyres.co.uk/termsAndConditions
63,Ideal World,idealworld.tv,https://www.idealworld.tv/gb/Terms_and_Conditions.aspx
64,Delticom Tyres Limited,autopink-shop.co.uk,https://www.autopink-shop.co.uk/AGBs.html
65,Blacks Outdoor Retail Limited,millets.co.uk,http://www.millets.co.uk/TermsandConditions
66,Printerinks.com,printerinks.com,https://www.printerinks.com/terms-And-Conditions.html
67,Surfdome Shop Ltd,help.surfdome.com,https://help.surfdome.com/en-gb
68,Topgrade Sportswear Limited,getthelabel.com,https://www.getthelabel.com/content/terms-and-conditions
69,Wiggle Ltd,wiggle.co.uk,https://www.wiggle.co.uk/h/option/terms_conditions
70,Online Commerce Ltd,base.com,https://www.base.com/help-and-advice/terms/dp11/terms-and-conditions.htm
71,AirconDirect,aircondirect.co.uk,https://www.aircondirect.co.uk/commonContent/privacy_policy.asp
72,Siegbert Merkle,derenergiesparladen.de,https://www.derenergiesparladen.de/agb.php?lang=en
73,Spartoo SAS,spartoo.co.uk,https://www.spartoo.co.uk/terms-and-conditions.php
74,NIKE Retail B.V.,nike.com,https://www.nike.com/?geoselection=true
75,PRC Direct,prcdirect.co.uk,https://prcdirect.co.uk/terms/
76,Kthe- Kollwitz- Strae 22,creoven.co.uk,https://www.creoven.co.uk/gtc-uk/
77,Keller Sports GmbH,keller-sports.co.uk,https://www.keller-sports.co.uk/static/terms-and-conditions/
78,Spartoo UK Limited,rubbersole.co.uk,https://www.rubbersole.co.uk/terms-and-conditions.php
79,Eliggi Umberto,motointercom.eu,https://motointercom.eu/shop/en/content/3-conditions
80,Dunelm (Soft Furnishings) Limited,dunelm.com,https://www.dunelm.com/info/dunelm-os-terms
81,Escentual,escentual.com,https://www.escentual.com/help-and-advice/terms-and-conditions/
82,IEB Trading Limited.,allbeauty.com,https://www.allbeauty.com/termsAndConditions.php
83,Grewalz Limited,stuartslondon.com,https://www.stuartslondon.com/terms-conditions-i7
84,C.E.X. Limited,uk.webuy.com,https://uk.webuy.com/site/terms/
85,Visor Commerce Limited,onbuy.com,https://www.onbuy.com/gb/terms/
86,BRASTY GROUP s.r.o.,brasty.co.uk,https://www.brasty.co.uk/terms-and-conditions
87,Printer4you.com GB Ltd.,printer4you.com,https://www.printer4you.com/uk/en/conditions-of-use
88,Vita-Apotheke e.K.,pharmasana.co.uk,https://www.pharmasana.co.uk/support/terms-conditions
89,RDO Kitchens & Appliances,rdo.co.uk,https://www.rdo.co.uk/terms
90,Buzzink Limited,eglobalcentraluk.com,https://www.eglobalcentraluk.com/terms-and-conditions.html?desktop
91,Seven Palms Ltd,picstop.co.uk,http://www.picstop.co.uk/terms-and-conditions
92,I Want One Of Those,iwantoneofthose.com,https://www.iwantoneofthose.com/help/terms-conditions.list
93,Fanatics (International) Limited,kitbag.com,https://www.kitbag.com/stores/kitbag/en/help?helpSection=termsAndConditions
94,SW Golf Limited,onlinegolf.co.uk,https://www.onlinegolf.co.uk/customer-services/terms.html
95,Game Retail Limited,game.co.uk,https://www.game.co.uk/webapp/wcs/stores/servlet/HubArticleView?hubId=757830&articleId=757831&catalogId=10201&langId=44&storeId=10151&merchname=footer-_-aboutgame-_-TermsConditions
96,Mankind Direct Ltd,mankind.co.uk,https://www.mankind.co.uk/info/terms-conditions.list
97,OutdoorGear UK Ltd,outdoorgear.co.uk,https://www.outdoorgear.co.uk/info-page-terms-and-conditions.asp
98,Monster Pet Supplies LLP,monsterpetsupplies.co.uk,https://www.monsterpetsupplies.co.uk/help/terms
99,Paydens Ltd,expresschemist.co.uk,http://www.expresschemist.co.uk/index.jsp?subframe=orderinginfo
100,Gear4Music Limited,gear4music.com,https://www.gear4music.com/index.php?sec=info
101,The Hut.com Ltd,beautyexpert.com,https://www.beautyexpert.com/CustomerServices.asp
102,Office Holdings Limited,office.co.uk,https://www.office.co.uk/view/content/terms-info-page
103,Optimum4 Ltd,lindy.co.uk,https://www.lindy.co.uk/terms-conditions-i7
104,SmartBuyGlasses Optical Limited,smartbuyglasses.co.uk,https://www.smartbuyglasses.co.uk/term
105,Fragrance Direct Limited,fragrancedirect.co.uk,https://www.fragrancedirect.co.uk/terms.html
106,Bose Limited,bose.co.uk,https://www.bose.co.uk/GB/en/home-entertainment/customer-service/shopping-online/terms-and-conditions-of-sale/index.jsp
107,Lovell Rugby Ltd,lovellsoccer.co.uk,https://www.lovellsoccer.co.uk/terms.htm
108,Swarovski Crystal Online AG,swarovski.com,https://www.swarovski.com/en-DE/Web_GB/en/termsconditions/?origin=landing
109,GreenFingers Trading Limited,greenfingers.com,https://www.greenfingers.com/articledisplay.asp?id=1255
110,Pilsworth,size.co.uk,http://www.size.co.uk/webapp/wcs/stores/servlet/SizeInfo_10701_11551_-1_TermsAndConditions
111,Firestar Toys Ltd,firestartoys.com,https://www.firestartoys.com/Pages/Terms.html
112,Hamleys Customer Services,hamleys.com,https://www.hamleys.com/contact-us.irs
113,Subside Sports Ltd.,subsidesports.com,https://www.subsidesports.com/uk/terms_and_conditions
114,Direct Cosmetics Ltd,directcosmetics.com,https://www.directcosmetics.com/terms/terms.cfm
115,Barmans Ltd,drinkstuff.com,https://www.drinkstuff.com/terms.asp
116,PUMA Europe GmbH,eu.puma.com,https://eu.puma.com/uk/en/terms-and-conditions/TERMS_AND_CONDITIONS.html
117,The Hut Group,mybag.com,https://www.mybag.com/terms-and-conditions.info
118,Thebigwebsite Limited,feelunique.com,http://www.feelunique.com/terms.php
119,Golfposer Ltd,golfposer.com,https://www.golfposer.com/p/55/terms-and-conditions
120,Evengreener,evengreener.com,https://evengreener.com/about/terms-conditions
121,Mattressonline.co.uk Ltd,mattressonline.co.uk,https://www.mattressonline.co.uk/Terms-and-Conditions
122,Cycles UK Limited,cyclesuk.com,https://www.cyclesuk.com/pages/termsandconditions/
123,Giles UK Ltd.,mastershoe.co.uk,https://www.mastershoe.co.uk/terms-and-conditions?chapter=0&sesid=q23caf1e153ietga7h52nmggi3
124,FootAsylum,footasylum.com,https://www.footasylum.com/Terms-andamp-Conditions-of-Supply-Acs_terms/
125,Cowpen Industrial Estate,pondkeeper.co.uk,https://www.pondkeeper.co.uk/terms.asp
126,Web Shop Direct Limited,uktights.com,https://www.uktights.com/page.php/help
127,Astrocroft Limited,mychoice.co.uk,https://www.mychoice.co.uk/sale-terms/
128,Micron Consumer Products Group,uk.crucial.com,https://uk.crucial.com/company/terms-of-use
129,Dorothy Perkins Trading Limited,dorothyperkins.com,https://www.dorothyperkins.com/en/dpuk/category/terms-conditions-4388286/home?TS=1431340244214&intnav=footer
130,Commtech IT Solutions Limited,hardwarexpress.co.uk,https://www.hardwarexpress.co.uk/terms.asp
131,Blue Tomato GmbH,blue-tomato.com,https://www.blue-tomato.com/en-GB/info/Terms+and+Conditions-0000010Q/
132,Ann Summers Ltd.,annsummers.com,https://www.annsummers.com/termsandconditions/
133,TRADEINN RETAIL SERVICES S.L.,smashinn.com,https://www.smashinn.com/tennis
134,adidas International Trading B.V.,reebok.co.uk,https://www.reebok.co.uk/help-topics-terms_and_conditions.html
135,Pinnacle Health Limited,simplysupplements.co.uk,https://www.simplysupplements.co.uk/terms-and-conditions
136,Edeloptics GmbH,edel-optics.co.uk,https://www.edel-optics.co.uk/Terms-and-Conditions.html
137,World of Fashion Limited,furnitureinfashion.net,https://www.furnitureinfashion.net/links/faq/
138,Housemakers,housemakers.co.uk,https://www.housemakers.co.uk/customer-care/delivery-information
139,Craghoppers Ltd,craghoppers.com,https://www.craghoppers.com/
140,Quiksilver Europe (aka Na pali S.A.S.),quiksilver.co.uk,https://www.quiksilver.co.uk/customer-service-terms-and-conditions-of-sale.html
141,Outdoor and Cycle Concepts Ltd,cyclesurgery.com,https://www.cyclesurgery.com/legals/terms-and-conditions.html
142,Bray Leino Ltd.,ellis-brigham.com,https://www.ellis-brigham.com/terms-conditions
143,Gadbrook Park,hqhair.com,https://www.hqhair.com/terms-and-conditions.info
144,Crampton & Moore Television Limited,cramptonandmoore.co.uk,https://www.cramptonandmoore.co.uk/terms-and-conditions
145,Screen One (C.I.) Limited,simplyhe.com,https://www.simplyhe.com/Terms+And+Conditions.htm
146,White Stores Ltd.,whitestores.co.uk,http://www.whitestores.co.uk/about-us/t-c%E2%80%99s.aspx
147,Appliance House Ltd,appliancehouse.co.uk,https://www.appliancehouse.co.uk/shop/terms.html
148,Merlin Cycles Ltd,merlincycles.com,https://www.merlincycles.com/terms.html
149,The Board Basement Ltd.,theboardbasement.com,https://www.theboardbasement.com/terms_conditions.aspx
150,Outdoor and Cycle Concepts Ltd,snowandrock.com,https://www.snowandrock.com/legals/terms-conditions.html
151,Outdoor and Cycle Concepts Ltd,runnersneed.com,https://www.runnersneed.com/legals/terms-and-conditions.html
152,E.M.P. Merchandising Handelsgesellschaft mbH,emp.co.uk,https://www.emp.co.uk/customer-service/terms-%26-conditions/terms-privacy-policy.html
153,David Shuttle Ltd,davidshuttle.com,https://www.davidshuttle.com/terms-and-conditions/
154,Firenze Seta S.R.L.,uk.forzieri.com,https://www.uk.forzieri.com/usa/help/security-and-privacy/terms-and-conditions.asp?l=usa&c=gbr
155,Mister Spex GmbH,misterspex.co.uk,https://www.misterspex.co.uk/legal/terms-and-conditions
156,Lyco Direct ltd T/A Lighting-Direct,lighting-direct.co.uk,https://www.lighting-direct.co.uk/shopping-with-us/terms-and-conditions/
157,SJD Supplies Ltd,yourspares.co.uk,https://www.yourspares.co.uk/Terms-And-Conditions.aspx
158,Xbite Limited,365games.co.uk,https://www.365games.co.uk/page/terms-and-conditions
159,Molton Brown Limited,moltonbrown.co.uk,https://www.moltonbrown.co.uk/store/terms-conditions
160,Belle-Lingerie Limited,belle-lingerie.co.uk,https://www.belle-lingerie.co.uk/info/terms-and-conditions
161,Leo Products Ltd,leoofficesupplies.co.uk,https://www.leoofficesupplies.co.uk/terms
162,Tailor Store Sweden AB,tailorstore.co.uk,https://www.tailorstore.co.uk/terms
163,AV Distribution Ltd,audiovisualonline.co.uk,https://www.audiovisualonline.co.uk/page/terms
164,United Online Stores GmbH,moto24.co.uk,https://www.moto24.co.uk/conditions-of-use
165,Bodykind Ltd.,bodykind.com,https://www.bodykind.com/terms.aspx
166,Funbikes Limited,funbikes.co.uk,https://www.funbikes.co.uk/terms
167,Tradewinds Europe Limited,christmastreesandlights.co.uk,https://www.christmastreesandlights.co.uk/Terms-and-Conditions
168,The Hut.com (Trading) limited,lookfantastic.com,https://www.lookfantastic.com/info/terms-conditions.list
169,Cheltenham Mowers Ltd,mowers-online.co.uk,https://www.mowers-online.co.uk/terms-conditions
170,Ebuyer (UK) Limited,ebuyer.com,https://www.ebuyer.com/terms
171,Keengardener Limited,keengardener.co.uk,https://www.keengardener.co.uk/terms-conditions
172,G-Star (UK) Limited,g-star.com,https://www.g-star.com/en_gb/help-info/
173,Hunter Boot Ltd,hunterboots.com,https://www.hunterboots.com/
174,Sport-Tiedje GmbH,sport-tiedje.co.uk,https://www.sport-tiedje.co.uk/general-terms-and-conditions
175,Class Delta Ltd.,theproteinworks.com,http://www.theproteinworks.com/terms-and-conditions/
176,Harman International Industries Limited,harmankardon.co.uk,https://www.harmankardon.co.uk/help
177,OutdoorLook t/a Brookes (UK) Ltd,outdoorlook.co.uk,http://www.outdoorlook.co.uk/about-outdoor-look/terms-and-conditions
178,Hewlett-Packard,www8.hp.com,https://www8.hp.com/uk/en/terms-of-use.html
179,AMERICAN GOLF (TRADING) LIMITED,americangolf.co.uk,https://www.americangolf.co.uk/content/terms.html
180,TradeInn Retail Services S.L,waveinn.com,https://www.waveinn.com/nautical-fishing
181,Kiddies Kingdom Ltd,kiddies-kingdom.com,https://www.kiddies-kingdom.com/content/8-termsconditions
182,The Entertainer (Amersham) Limited,thetoyshop.com,https://www.thetoyshop.com/terms
183,Cyclestore,cyclestore.co.uk,https://www.cyclestore.co.uk/contentPages.asp?pageID=4
184,Pneus Online Trading C.V,tyres-pneus-online.co.uk,https://www.tyres-pneus-online.co.uk/pneus-online-terms-and-conditions.html
185,Pierce AB,xlmoto.co.uk,https://www.xlmoto.co.uk/info/delivery
186,Peak Health Distribution Ltd,monstersupplements.com,https://monstersupplements.com/terms-and-conditions
187,DecoUnique Ltd.,decounique.co.uk,http://www.decounique.co.uk/Returns.html
188,Target Dry Ltd,targetdry.com,https://www.targetdry.com/pages/delivery-returns
189,Motocard Bike S.L,motocard.com,https://www.motocard.com/en/terms-and-conditions.html
190,Bike Kit Limited,probikekit.co.uk,https://www.probikekit.co.uk/site-info/terms-and-conditions.list
191,Green Man Gaming Limited,greenmangaming.com,https://www.greenmangaming.com/terms-and-conditions/
192,Ideal Shopping Direct Limited,createandcraft.com,https://www.createandcraft.com/gb/Terms_and_Conditions.aspx
193,Merepress Limited,hurleys.co.uk,https://www.hurleys.co.uk/terms-conditions-i7
194,Universal Textiles UK Ltd,universal-textiles.com,https://www.universal-textiles.com/pages/terms-and-conditions
195,The Works Stores Ltd,theworks.co.uk,https://www.theworks.co.uk/?coid=10
196,SPC Marketing,ukoutdoorstore.co.uk,http://ukoutdoorstore.co.uk/customer-service/
197,NetGiant Limited,cartridgemonkey.com,https://www.cartridgemonkey.com/help.asp?SeriesID=11&TextID=6
198,Case Happy Limited,casehappy.co.uk,https://www.casehappy.co.uk/terms.asp
199,Media-Concept Brobedarf GmbH,cartridge24.co.uk,https://www.cartridge24.co.uk/Service/Terms-And-Conditions/
200,Morphy Richards Limited,morphyrichards.co.uk,https://www.morphyrichards.co.uk/support/morphy-richards-support/terms-and-conditions.html
201,G2G Ltd,go2games.com,https://www.go2games.com/terms-and-conditions/
202,Charles Bentley & Son Ltd,charlesbentley.com,https://www.charlesbentley.com/terms-conditions
203,LA Muscle Limited,lamuscle.com,https://www.lamuscle.com/about/terms.php
204,NetGiant Limited,tonergiant.co.uk,https://www.tonergiant.co.uk/help.asp?SeriesID=12&TextID=6
205,Pierce AB,24mx.co.uk,https://www.24mx.co.uk/info/delivery
206,Benjamin S. Korth,berondi.com,https://berondi.com/agb
207,Robovision Ltd,tptoys.com:443,https://www.tptoys.com:443/customer/pages/terms
208,Nature's Best Health Products Limited,naturesbest.co.uk,https://www.naturesbest.co.uk/terms-and-conditions/
209,EMU AUSTRALIA (EUROPE) LIMITED,emuaustralia.com,https://www.emuaustralia.com/us/terms-conditions-of-sale.html
210,Tradeinn Retail Services S.L.,motardinn.com,https://www.motardinn.com/motorcycle-equipment/terminos/st
211,Source BMX,sourcebmx.com,https://www.sourcebmx.com/en/Terms-and-Conditions/cc-3.aspx
212,Tennis-Point GmbH,tennis-point.co.uk,https://www.tennis-point.co.uk/info-centre-legal-information/?tab=0
213,Perfumeshopping.com Limited,perfumeshopping.com,https://www.perfumeshopping.com/terms.aspx
214,Tradeinn Retail Services S.L.,runnerinn.com,https://www.runnerinn.com/running
215,Tradeinn Retail Services S.L.,bikeinn.com,https://www.bikeinn.com/bike/terminos/st
216,Beauty Base On-Line Ltd.,beautybase.com,https://www.beautybase.com/
217,AS Technology Ltd,tonerpeople.co.uk,https://www.tonerpeople.co.uk/terms-and-conditions.aspx
218,Argofield Limited,pricerighthome.com,https://www.pricerighthome.com/
219,The Liverpool Football Club and Athletic Grounds Limited,store.liverpoolfc.tv,http://store.liverpoolfc.tv/customerservices/terms
220,Best Gadgets 4 All LTD,bestgadgets4all.co.uk,https://bestgadgets4all.co.uk/content/3-terms_and_conditions
221,Digital River Ireland Ltd.,assets.sennheiser.com,https://assets.sennheiser.com/downloads/download/file/4369/Trade_Account_T_Cs.pdf
222,Clickwise Ltd,shuperb.co.uk,https://www.shuperb.co.uk/terms-conditions-i7
223,Tradeinn Retail Services S.L.,swiminn.com,https://www.swiminn.com/swimming
224,Tradeinn Retail Services S.L.,snowinn.com,https://www.snowinn.com/ski-store/terminos/st
225,Alpinetrek,alpinetrek.co.uk,https://www.alpinetrek.co.uk/
226,C.I.M.A S.r.l.,fabappliances.com,https://www.fabappliances.com/en/content/2-terms-and-conditions-of-use
227,Cyclesport North Limited,ribblecycles.co.uk,http://www.ribblecycles.co.uk/publish.asp?what=termsandconditions&page=1
228,Berghaus Limited,berghaus.com,https://www.berghaus.com/on/demandware.store/Sites-brggbgbp-Site/en_MU/GeoShow-Content?cid=business-terms
229,TOMS EMEA B.V.,toms.co.uk,https://www.toms.co.uk/terms-of-use
230,Pandon Furniture Limited,pandonhome.com,http://www.pandonhome.com/contact_us.html?zenid=9ef322901dbefa08beb7d51687fa7733
231,91-93 Great Union Road,healthmonthly.co.uk,https://www.healthmonthly.co.uk/terms_and_conditions
232,Harman International Industries Limited,uk.jbl.com,https://uk.jbl.com/jbl-terms-and-conditions-uk.html
233,Prima Printer Nordic AB,3dprima.com,https://www.3dprima.com/3dprima/terms-conditions/
234,Tessuti Ltd,scottsmenswear.com,https://www.scottsmenswear.com/customer-service/terms/
235,benuta GmbH,benuta.co.uk,https://www.benuta.co.uk/terms-and-conditions.html
236,BikeFast GmbH,bikefast.co.uk,https://www.bikefast.co.uk/terms-and-conditions
237,FitnessBit S.L,fitnessdigital.co.uk,https://www.fitnessdigital.co.uk/terms-of-use-and-privacy-policy/rm/1/s_1_3/
238,Samuel Johnston Limited,samueljohnston.com,https://www.samueljohnston.com/Information.aspx?TranslationLargeID=6
239,Aurum Group Limited,thewatchhut.co.uk,https://www.thewatchhut.co.uk/terms-and-conditions
240,MGC Ltd,clickgolf.co.uk,https://www.clickgolf.co.uk/pages/returns
241,The Hut Group Ltd,allsole.com,https://www.allsole.com/terms-and-conditions.info
242,Tradeinn Retail Services S.L.,scubastore.com,https://www.scubastore.com/scuba-diving/terminos/st
243,Jack Wolfskin Retail GmbH,jack-wolfskin.co.uk,https://www.jack-wolfskin.co.uk/
244,Menkind Stores Ltd,menkind.co.uk,https://www.menkind.co.uk/terms-conditions
245,BG Romeril & Co LTD,uktoolcentre.co.uk,https://www.uktoolcentre.co.uk/
246,TheDrinkShop.com Ltd,thedrinkshop.com,https://www.thedrinkshop.com/terms
247,Spark Etail Limited,ethicalsuperstore.com,https://www.ethicalsuperstore.com/terms-and-conditions/
248,Philips Electronics UK Limited,philips.co.uk,https://www.philips.co.uk/
249,Digital Operating Models B.V.,topvitamine.com,https://www.topvitamine.com/terms-conditions/
250,JD Sport Fashion PLC,bbclothing.co.uk,https://www.bbclothing.co.uk/en-gb/terms
251,The Manchester United FC Official Online Store,store.manutd.com,https://store.manutd.com/stores/manutd/en/help?helpSection=termsAndConditions
252,Machine Mart Ltd,machinemart.co.uk,https://www.machinemart.co.uk/business-tcs/
253,Lovell Rugby Ltd,lovell-rugby.co.uk,https://www.lovell-rugby.co.uk/terms.htm
254,Nisbets Plc,nisbets.co.uk,https://www.nisbets.co.uk/termsandconditions
255,Shoe Zone Ltd,shoezone.com,https://www.shoezone.com/TermsAndConditions
256,Sonic Megastore Ltd,sonicdirect.co.uk,https://www.sonicdirect.co.uk/content/terms.htm
257,Zestbeautycare.com,zestbeauty.com,https://www.zestbeauty.com/terms-and-conditions
258,Unit 27 Hornsby Square,fragrancescosmeticsperfumes.com,https://www.fragrancescosmeticsperfumes.com/terms-and-conditions
259,Gudrum Classics Limited,gardenchic.co.uk,https://www.gardenchic.co.uk/terms-conditions-i7
260,The Carphone Warehouse Limited,mobiles.co.uk,https://www.mobiles.co.uk/t_and_c
261,Joules Limited,joules.com,https://www.joules.com/
262,Atom Supplies Limited,masterofmalt.com,https://www.masterofmalt.com/c/consumer-terms-of-business/
263,Apro Group Limited,aprogroup.co.uk,https://aprogroup.co.uk/content/3-terms-and-conditions-of-use
264,Buywise Domestics Limited,buywiseappliances.co.uk,https://buywiseappliances.co.uk/terms-conditions
265,Brentwood Golf Centre,discountgolfstore.co.uk,https://www.discountgolfstore.co.uk/terms-and-conditions
266,Bresser UK Ltd,telescopehouse.com,https://www.telescopehouse.com/terms-and-conditions
267,Serata Software,bluenandu.uk,https://bluenandu.uk/about_us/
268,Newmega Limited,claires.com,https://www.claires.com/ts-and-cs.html?lang=en&redirect=1&cid=ts-and-cs&lang=en_GB
269,Tower Boots Ltd.,tower-london.com,https://www.tower-london.com/terms-and-conditions
270,Amzgameco Limited,scdkey.uk,https://www.scdkey.uk/thetermsofservice.html
271,Hertford Digital Audio Limited,ortonsaudiovisual.com,https://www.ortonsaudiovisual.com/terms_conditions
272,Babyaisle Sp. z o.o.,babyaisle.co.uk,http://www.babyaisle.co.uk/en/page/buyer-s-area/terms-and-conditions
273,MyOptique Group Ltd,glassesdirect.co.uk,https://www.glassesdirect.co.uk/help/terms-and-conditions/
274,Hi-Fi Excellence Limited,hifix.co.uk,https://www.hifix.co.uk/terms-and-conditions
275,HAIX Schuhe Produktions und Vertriebs GmbH,haix.co.uk,https://www.haix.co.uk/general-terms-and-conditions
276,StoreKit Ltd,storekit.com,https://storekit.com/returns/
277,The Hut.com Limited,insyncbikes.com,https://www.insyncbikes.com/customer-service/terms-conditions.list
278,Ilium Retail Limited,capitaloutdoors.co.uk,https://www.capitaloutdoors.co.uk/pages/terms-and-conditions
279,Parfmerie Akzente GmbH,parfumdreams.co.uk,https://www.parfumdreams.co.uk/General-Terms-and-Conditions-and-customer-information
280,Yellow Bulldog Ltd,geekstore.com,https://www.geekstore.com/pages/t-cs-yellow-bulldog
281,CJS Sales & Services LTD,cjs-cdkeys.com,https://www.cjs-cdkeys.com/pages/About.html
282,Hansons of Leicester Limited,choicefurnituresuperstore.co.uk,https://www.choicefurnituresuperstore.co.uk/Terms-and-Conditions.html
283,Musto Limited,musto.com,https://www.musto.com/en_GB/terms-and-conditions.html
284,Viovet Ltd,viovet.co.uk,https://www.viovet.co.uk/terms-and-conditions
285,KRM (Great Britain) Limited,eccoshoesuk.com,https://www.eccoshoesuk.com/information/33-terms-conditions
286,Isi GmbH,superbath.co.uk,https://superbath.co.uk/about-superbath.co.uk/terms-and-conditions
287,Techinthebasket,techinthebasket.com,https://www.techinthebasket.com/returns
288,Bresser UK Ltd,bresseruk.com,https://www.bresseruk.com/terms-and-conditions
289,3 Brewster Place,xs-stock.co.uk,https://www.xs-stock.co.uk/terms-and-conditions/
290,Alexandra Retail Limited,gardenstreet.co.uk,https://www.gardenstreet.co.uk/terms-conditions-i7
291,HJH Office GmbH,hjh-office.co.uk,https://www.hjh-office.co.uk/Terms-and-Conditions-hjh/
292,Channel Management Solutions Ltd.,technextday.co.uk,https://technextday.co.uk/index.php?route=information/information&information_id=5
293,Buy it Direct Ltd,dronesdirect.co.uk,https://www.dronesdirect.co.uk/content/customer-service
294,Lampenwelt GmbH,lights.co.uk,https://www.lights.co.uk/
295,Little High Street,sextoys.co.uk,https://www.sextoys.co.uk/terms-and-conditions/
296,Denby Retail Limited,denbypottery.com,https://www.denbypottery.com/terms-and-conditions
297,Broforum Planen und Einrichten GmbH,einrichten-design.co.uk,https://www.einrichten-design.co.uk/en_gb/agb/
298,Ecredible Deals Limited,rlrdistribution.co.uk,http://www.rlrdistribution.co.uk/infopage/terms
299,Wickey GmbH & Co.KG,wickey.co.uk,https://www.wickey.co.uk/terms-and-conditions
300,FORZA Industries Ltd,forzasupplements.co.uk,https://www.forzasupplements.co.uk/pages/terms
301,Natalia Isakova,kraftika.shop,https://kraftika.shop/en/shop-policies/
302,United Games GmbH,mcgame.com,https://www.mcgame.com/uk/agb
303,internetstores GmbH,addnature.co.uk,https://www.addnature.co.uk/imprint.html
304,D.T. (Automotives) Limited,demon-tweeks.com,https://www.demon-tweeks.com/uk/terms-conditions/
305,Blowfish ltd,shop4body.com,https://www.shop4body.com/terms_conditions
306,Medino Online Ltd,medino.com,https://www.medino.com/terms
307,Decntalo Vinos SL,decantalo.com,https://www.decantalo.com/en/faqs/terms-trade.html
308,Subtel GmbH,subtel.co.uk,https://www.subtel.co.uk/Terms-and-Conditions-uk/
309,STREET HUB,trouva.com,https://www.trouva.com/pages/contactus
310,MPB Europe Limited,mpb.com,https://www.mpb.com/en-uk/help/terms-and-conditions/
311,Fiver London Ltd,everything5pounds.com,https://www.everything5pounds.com/en/terms-conditions
312,Jeujouet.com SAS,jeujouet.co.uk,https://www.jeujouet.co.uk/
313,Xbite Limited,shop4world.com,https://www.shop4world.com/page/terms-and-conditions
314,Homescapes Europa Limited,homescapesonline.com,https://www.homescapesonline.com/terms-and-condtions
315,Instruments4music Ltd,instruments4music.co.uk,https://www.instruments4music.co.uk/terms/2181_i.html
316,Snowleader SAS,snowleader.co.uk,https://www.snowleader.co.uk/en/cgv
317,Skydiver Market Services Ltd.,fitsperfect.eu,https://www.fitsperfect.eu/epages/61849691.sf/en_GB/?ObjectPath=/Shops/61849691/Categories/TermsAndConditions
318,megaimport.pl Pawel Cieslak,campalo.co.uk,https://campalo.co.uk/index.php
319,OCTO IT AG,octo24.com,https://www.octo24.com/shop/en/General-Terms-and-Conditions:_:3.html
320,Maison En Vogue SAS,pib-home.co.uk,https://www.pib-home.co.uk/gtcs
321,Nicholas James Howard (Seriously Sensual),seriouslysensual.co.uk,https://www.seriouslysensual.co.uk/privacy-policy-cookie-restriction-mode/
322,Ego Shoes Ltd,ego.co.uk,https://ego.co.uk/terms
323,Greaves Sports Limited,greavessports.com,https://www.greavessports.com/terms-conditions-i7
324,xTWO GmbH,xtwostore.com,https://www.xtwostore.com/conditions-of-use.html
325,Hammer Sport AG,hammer-fitness.co.uk,http://www.hammer-fitness.co.uk/terms-and-conditions
326,ASICS Europe B.V. incorporated,asics.com,https://www.asics.com/gb/en-gb/customer-service/terms/terms.html
327,VF International S.A.G.L,kipling.com,https://www.kipling.com/uk-en/terms-and-conditions/
328,Acer UK Ltd,uk-store.acer.com,https://uk-store.acer.com/terms-conditions
329,Sports Merchandising Ireland Ltd,thegaastore.com,https://www.thegaastore.com/en/Terms-and-Conditions/cc-31.aspx
330,BOX LIMITED,box.co.uk,https://www.box.co.uk/conditions-of-sale
331,VINELLO c/o cusati GmbH,vinello.de,https://www.vinello.de/en/general-terms-and-conditions
332,Fanatics (International) LTD.,f1store.formula1.com,https://f1store.formula1.com/stores/F1/en/help?hpg=terms
333,Watchmaster ICP GmbH,watchmaster.com,https://www.watchmaster.com/en/terms
334,Bargainmax Limited,bargainmax.co.uk,https://www.bargainmax.co.uk/terms
335,Select Security & Electrical Supplies Ltd,electricalworld.com,https://www.electricalworld.com/en/Terms-and-Conditions/cc-3.aspx
336,Tredz LTD.,tredz.co.uk,https://www.tredz.co.uk/help-advice/customer-service/useful-info/terms
337,MIOGA Warenhandel & Service GmbH,miogazin.de,http://miogazin.de
338,Etrias BV,outdoorsupply.co.uk,https://www.outdoorsupply.co.uk/documents/Terms_and_conditions_Etrias_BV.pdf
339,Aquatuning GmbH,aquatuning.co.uk,https://www.aquatuning.co.uk/imprint
340,Helly-Hansen (U.K.) Limited,hellyhansen.com,https://www.hellyhansen.com/terms-conditions/
341,Chesnut Street,alanwadkinstoolstore.co.uk,https://www.alanwadkinstoolstore.co.uk/terms-conditions-i7
342,ASICS Europe B.V. incorporated,outlet.asics.com,https://outlet.asics.com/gb/en-gb/customer-service/terms/terms.html
343,Tuerrschmidtstrasse 16,respectphono.de,https://respectphono.de/en/terms-and-conditions.html
344,Colibri SAS,manomano.co.uk:443,https://www.manomano.co.uk:443/cgu
345,Schuh Benner GmbH & Co. KG,shoesyouwant.com,https://www.shoesyouwant.com/terms-conditions
346,TRADEINN RETAIL SERVICES S.L.,traininn.com,https://www.traininn.com/fitness-gym/terminos/st
347,Hardloop SAS,hardloop.co.uk,https://www.hardloop.co.uk/sc/terms-conditions
348,Wickey GmbH & Co.KG,fatmoose.co.uk,https://www.fatmoose.co.uk/terms-and-conditions.html
349,Fanatics (International) Limited,europe.nflshop.com,https://europe.nflshop.com/stores/nfl/en/help?helpSection=termsAndConditions
350,Fanatics (International) LTD,shop.mancity.com,https://shop.mancity.com/stores/mancity/en/help?hpg=terms
351,TyresNET GmbH,tyres.net,https://www.tyres.net/static/terms-and-conditions
352,Suttons Consumer Products Limited,support.dobies.co.uk,http://support.dobies.co.uk/Knowledgebase/Article/View/295/4/terms-and-conditions
353,Vinatis SARL,vinatis.co.uk,https://www.vinatis.co.uk/terms-and-conditions
354,SmartCooki.com Ltd,bedeckhome.com,https://www.bedeckhome.com/terms
355,Canon Europa N.V.,store.canon.co.uk,https://store.canon.co.uk/terms-and-conditions
356,2 F SAS,ekosport.co.uk,https://www.ekosport.co.uk/cms-legal-details-u
357,Fanatics,shop.realmadrid.com,https://shop.realmadrid.com/stores/realmadrid/en/help?helpSection=termsAndConditions
358,Trendhim ApS,trendhim.co.uk,https://www.trendhim.co.uk/terms/136/trendhim-terms-of-service
359,Compulsi EOOD,uk.mytrendylady.com,https://uk.mytrendylady.com/terms-and-conditions
360,Fanatics (International) Limited,nbastore.eu,https://www.nbastore.eu/stores/nba/en/help?helpSection=termsAndConditions
361,Outdoor and Cycle Concepts Ltd,help.cotswoldoutdoor.com,https://help.cotswoldoutdoor.com/hc/en-gb/articles/360001527240-Terms-conditions
362,UK Good Deals Limited,ghostbikes.com,https://www.ghostbikes.com/terms-and-conditions.html
363,Winfield's Limited,winfieldsoutdoors.co.uk,https://www.winfieldsoutdoors.co.uk/terms-and-conditions
364,TOOLPORT GmbH,houseoftents.co.uk,https://www.houseoftents.co.uk/GTC/
365,Joshua James Ventures Limited,joshuajamesjewellery.co.uk,https://www.joshuajamesjewellery.co.uk/terms-conditions-i7
366,Converse Netherlands B.V,converse.com,https://www.converse.com/uk/en/terms-of-use/privacy-and-terms.html
367,Montredo,montredo.com,https://www.montredo.com/en/terms-and-conditions/?cur=1
368,Euro-Pro Europe Limited,sharkclean.co.uk,https://sharkclean.co.uk
369,Fanatics (International) Limited,englandstore.com,https://www.englandstore.com/stores/fa/en/help?helpSection=termsAndConditions
370,UK Swimwear,ukswimwear.com,https://www.ukswimwear.com/page/help
371,Samsung Electronics (UK) Limited,samsung.com,https://www.samsung.com/uk/estore/static/link_terms_and_conditions_of_sale_p/
372,Nuance Communications,nuance.com,https://www.nuance.com/en-gb/about-us/company-policies/legal-notices.html
373,VOSS GmbH & Co. KG,electric-fence.co.uk,https://www.electric-fence.co.uk/info/terms-and-conditions
374,Marks and Spencer plc,marksandspencer.com,https://www.marksandspencer.com/c/help
375,KRCS Group Ltd,krcs.co.uk,https://www.krcs.co.uk/terms-and-conditions/
376,Office Holdings Limited,offspring.co.uk,https://www.offspring.co.uk/view/content/terms-info-page
377,Fashion Trends Group Ltd,sneakerstudio.com,https://sneakerstudio.com/Terms-and-conditions-cabout-eng-1.html
378,Euro-Pro Europe Ltd,ninjakitchen.co.uk,https://ninjakitchen.co.uk
379,Cromwell Group,zoro.co.uk,https://www.zoro.co.uk/info/terms-and-conditions
380,Luxottica Group S.p.A.,ray-ban.com,https://www.ray-ban.com/uk/terms-of-use
381,Bjrn Borg Retail AB,bjornborg.com,https://www.bjornborg.com/uk/customer-service/terms-conditions
382,Scand. Design Online AB,nordicnest.com,https://www.nordicnest.com/customer-service/terms-conditions/
383,Office Depot International (UK) Limited,viking-direct.co.uk,https://www.viking-direct.co.uk/en/terms-conditions
384,Jacobs Douwe Egberts GB Ltd.,tassimo.com,https://www.tassimo.com/gb/eshop-terms-and-conditions
385,FootLocker Europe.com B.V.,footlocker.co.uk,https://www.footlocker.co.uk/en/content/fl_page_content_terms
386,Anja's Magic box,anjasmagicbox.co.uk,https://anjasmagicbox.co.uk/epages/58d97be4-c67b-468e-b064-97857aaf1813.sf/en_GB/?ObjectPath=/Shops/58d97be4-c67b-468e-b064-97857aaf1813/Categories/TermsAndConditions
387,Per Sempre Toys (Van Egmond Beheer B.V.),persempretoys.com,https://www.persempretoys.com/conditions
388,TRADEINN RETAIL SERVICES S.L.,goalinn.com,https://www.goalinn.com/football/terminos/st
389,D.T.(Automotives)Limited,tweekscycles.com,https://www.tweekscycles.com/uk/terms-conditions/
390,DEALBUYER (UK) LTD,dealbuyer.com,https://dealbuyer.com/infopage/terms/
391,Alpinstore SAS,alpinstore.com,https://www.alpinstore.com/en/content/3-terms-of-sales
392,Plusmobi,plusmobi.net,https://plusmobi.net/terms-and-conditions
393,Jackson Sports Limited,jackson-sports.com,https://www.jackson-sports.com/en/Terms-and-Conditions/cc-4.aspx
394,Beko PLC,shop.beko.co.uk,https://shop.beko.co.uk/PagesPublic/UserControlled/TermsAndConditions.aspx
395,Feed Dynamix GmbH,dv247.com,https://www.dv247.com/en_GB/GBP/terms-and-conditions
396,Poppets Toys and Gifts Ltd,poppets.biz,https://poppets.biz/terms
397,Burn-Out S.r.l.,burnoutmotor.com,https://www.burnoutmotor.com/en/content/3-terms-and-payments-conditions
398,Fanatics (International) Limited,englandrugbystore.com,https://www.englandrugbystore.com/stores/ers/en/help?helpSection=termsAndConditions
399,Fanatics (International) Limited,fanatics.co.uk,https://www.fanatics.co.uk/stores/fanatics/en/help?helpSection=termsAndConditions
400,TRADEINN RETAIL SERVICES S.L.,dressinn.com,https://www.dressinn.com/fashion/terminos/st
401,Software Service 1A Ltd,buysoftwareonline.co.uk,https://www.buysoftwareonline.co.uk/Our-Terms-Conditions-_-3.html
402,Universal Distribution Worldwide Limited,keyonline.eu,https://www.keyonline.eu/en/gtc
403,Park Cameras Limited,parkcameras.com,https://www.parkcameras.com/terms-and-conditions
404,lizengo GmbH & Co. KG,lizengo.de,https://www.lizengo.de/agb
405,Donaghy Bros,donaghybros.co.uk,https://donaghybros.co.uk/terms-conditions
406,Hillside Security Limited,cctvbuilder.com,https://cctvbuilder.com/terms-and-conditions/
407,expondo GmbH,expondo.co.uk,https://www.expondo.co.uk/terms-and-conditions/
408,d2time,d2time.co.uk,https://www.d2time.co.uk/PBCPPlayer.asp?ID=1881137
409,Wardow GmbH,wardow.com,https://www.wardow.com/uk/company/terms-conditions
410,WildBounds Ltd,wildbounds.com,https://wildbounds.com/pages/terms-of-service
411,MSOfficehandel UG (haftungsbeschrnkt),blitzhandel24.de,https://www.blitzhandel24.de/en/general-terms-and-conditions
412,SalesPortal24 UG (haftungsbeschrnkt),druckknopf24.de,https://www.druckknopf24.de/en/conditions
413,Frontline Healthcare Ltd,chemist.co.uk,https://www.chemist.co.uk/terms-and-conditions.html
414,Beauty Luxe Distributions S.L.,perfumesclub.co.uk,https://www.perfumesclub.co.uk/en/help/generalconditions/
415,Unit 10 Woodford Trading Estate,laptopoutlet.co.uk,https://www.laptopoutlet.co.uk/terms-of-use
416,Naturtrend Impex Kft.,shop.naturtrend.com,https://shop.naturtrend.com/uk/content/conditions-of-purchase-3#impressum
417,LDLP Limited,beautyflash.co.uk,https://www.beautyflash.co.uk/terms-of-use.html
418,C W Sellors (Gold & Silversmiths) Ltd,cwsellors.co.uk,https://www.cwsellors.co.uk/pages/terms-and-conditions
419,Distance S.A.,distance.eu,https://distance.eu/en/term-and-conditions
420,iBizz GmbH,timeshop4you.co.uk,https://www.timeshop4you.co.uk/terms_conditions.htm
421,Volcom Ltd,volcom.co.uk,https://www.volcom.co.uk/pages/terms-of-use
422,Stormsure Limited,stormsure.com,https://stormsure.com/terms-and-conditions-of-sale
423,Under Armour inc,account.underarmour.com,https://account.underarmour.com/en-us/terms-and-conditions#19-contact-us
424,OnMaCon GmbH,lenovo.com,https://www.lenovo.com/gb/en/legal/
425,BM TECH Marek Stefan Bialic,uk.dropmax.pl,https://uk.dropmax.pl/en/terms/terms-and-conditions-31.html
426,Express Brands Ltd,expresstrainers.com,https://www.expresstrainers.com/page.php/terms-conditions.html
427,LGL Ltd,lenstore.co.uk,https://www.lenstore.co.uk/terms-conditions
428,Clanto Services s.r.l.s,clanto.shop,https://clanto.shop/gb/content/3-terms-and-conditions-of-sale
429,Dawsons Music Ltd,dawsons.co.uk,https://www.dawsons.co.uk/terms-conditions/
430,Masons Yorkshire Gin Ltd,masonsyorkshiregin.com,https://www.masonsyorkshiregin.com/terms-conditions/
431,Perfumeria Sabina S.L.,sabinastore.com,https://www.sabinastore.com/en/content/3-terms-of-use
432,Domu Brands Ltd,vonshef.com,https://www.vonshef.com/vs_en/terms-of-website-use
433,GASTROBACK GmbH,gastroback.co.uk,https://gastroback.co.uk/general-terms-and-conditions
434,Millesima SA a conseil d'administration,millesima.co.uk,https://www.millesima.co.uk/cgv.html
435,BMGG EUROPE GmbH,onkron.co.uk,https://onkron.co.uk/elements/pages/about-2/
436,Musical Images Limited,musical-images.co.uk,https://www.musical-images.co.uk/shop/page/terms
437,Winparts BV,winparts.co.uk,https://www.winparts.co.uk/about-winparts/terms-conditions
438,Bergzeit GmbH,bergzeit.co.uk,https://www.bergzeit.co.uk/GTC/
439,Begg Shoes and Bags Ltd,beggshoes.com,https://www.beggshoes.com/customer-service/terms-and-conditions
440,Connox GmbH,connox.co.uk,https://www.connox.co.uk/general-terms-and-conditions.html
441,Oldrid & Co Limited,oldrids.co.uk,https://www.oldrids.co.uk/customer-service/33-terms-conditions
442,MHstar UK Ltd,aosom.co.uk,https://www.aosom.co.uk/page/terms-home
443,Wadebridge Ltd,annscottage.com,https://www.annscottage.com/en/Terms-and-Conditions/cc-3.aspx
444,Top Labels Online Ltd,toplabelsonline.com,https://toplabelsonline.com/pages/terms-conditions
445,GoBeyond Ltd.,memoryc.com,https://www.memoryc.com/help/conditions.html
446,Limes Court,acotisdiamonds.co.uk,https://www.acotisdiamonds.co.uk/terms-conditions-i7
447,eBay International AG,ebay.de,https://www.ebay.de/itm/user-agreement.html?var=0&mkevt=1&mkcid=1&mkrid=707-53477-19255-0&customid=TYaWkE9S45RUQJUWUKLNPg&campid=5338034429&toolid=10044
448,niceshops GmbH,3djake.uk,https://www.3djake.uk/info/tcs?belboon=2004301109094120112
449,adidas (UK) Ltd,skinflint.co.uk,https://skinflint.co.uk/?qlink=Quiksilver&subi=infos&kuerzel=quicksilver-uk
450,advanced players Ltd,advancedmp3players.co.uk,https://www.advancedmp3players.co.uk/shop/info/Conditions_of_Use.9.html?awc=361_1588245175_83714b86de3b9f478c54fd299b8d9f2d
451,Amps and Volts Ltd,ampsandvolts.net,https://ampsandvolts.net/terms-and-condition/
452,Apple distribution International,apple.com,https://www.apple.com/uk/shop/salespolicies?irgwc=1&aosid=p239&cid=aos-uk-aff-ir&irchannel=13633&irpid=1327936&clickid=&ircid=7615
453,Appliance electronics UK Ltd,applianceelectronics.co.uk,https://www.applianceelectronics.co.uk/info/terms
454,R&G Cycles Ltd,awcycles.co.uk,https://www.awcycles.co.uk/about-us/terms-and-conditions?wgu=2730_60210_15882457555972_e39482130f&wgexpiry=1593429755
455,LDLP Ltd,scripts.affiliatefuture.com,https://scripts.affiliatefuture.com/AFClick.asp?affiliateID=170453&merchantID=1409&programmeID=3970&mediaID=0&tracking=&afsource=20&url=https://www.gear4music.com/terms-and-conditions
456,BG Stores,bgstores.co.uk,http://www.bgstores.co.uk/index.php?main_page=conditions
457,Big Green Smile Ltd,biggreensmile.com,https://www.biggreensmile.com/terms_and_conditions.aspx?awc=6095_1588246197_cdace64275947f5978d2b617cff38640&utm_source=AffiliateWindow&utm_medium=Affiliate&utm_campaign=88610
458,Bluecrest UK Ltd,bluecrestuk.co.uk,http://www.bluecrestuk.co.uk/info.aspx?pageName=Terms%20and%20Conditions
459,Nagook Ltd,bondara.co.uk,https://www.bondara.co.uk/terms-and-conditions?wgu=9403_60210_15882464464852_d1a5325e71&wgexpiry=1596022446&utm_source=Webgains&utm_medium=22024&utm_campaign=60210
460,B&Q plc,diy.com,https://www.diy.com/customer-support/terms-and-conditions?utm_campaign=bau&utm_medium=affiliate&utm_source=awin&utm_content=Editorial+Content&utm_term=88610&awc=483_1588246573_c0a099097a508f6f60af52b19e580601
461,A1 Comms Limited,buymobiles.net,https://www.buymobiles.net/help
462,Camera World Ltd,cameraworld.co.uk,https://www.cameraworld.co.uk/terms
463,Canine Concepts Ltd,canineconcepts.co.uk,https://canineconcepts.co.uk/terms-conditions/
464,Note: merchant located in UK,cartridgeshop.co.uk,https://www.cartridgeshop.co.uk/help/terms?wgu=7877_60210_15882471151232_372e6358f7&wgexpiry=1596023115&P36=22024&utm_medium=Preisvergleich%20Internet%20Services%20AG&utm_source=WG
465,CBC computer Systems Ltd,cbccomputers.com,https://cbccomputers.com/pages/terms-conditions
466,Innox Trading Ltd,chemist-4-u.com,https://www.chemist-4-u.com/terms?wgu=5559_60210_1588247237993_8c75f3581a&wgexpiry=1596023237&source=webgains&siteid=60210
467,QD Commercial Group Holdings Ltd,cherry-lane.co.uk,https://www.cherry-lane.co.uk/static/terms.html?utm_source=awin&utm_medium=88610-Preisvergleich+Internet+Services+AG&awc=15368_1588247430_0b3d7767ace2a4d44ebf9806a248f83e
468,CraftStash Ltd,craftstash.co.uk,https://www.craftstash.co.uk/terms-conditions?awc=7803_1588247556_177aee2795c7e19abc052c35ebf4cc29&utm_source=Preisvergleich+Internet+Services+AG&utm_medium=referral&utm_campaign=affiliatewindow
469,DSG Retail Limited,partmaster.co.uk,https://www.partmaster.co.uk/terms-conditions/help.pl?awc=1663_1588247687_7a6d9cca8f84680bf425a2575c84cb23
470,Nxpower (UK) Ltd,cyberpowersystem.co.uk,https://www.cyberpowersystem.co.uk/company/warranty.aspx
471,Allegro Supplements Ltd,discount-supplements.co.uk,https://www.discount-supplements.co.uk/terms-and-conditions?awc=2394_1588248073_7c4323257258b5aed7d9fd42224cce2a&utm_source=afw&utm_medium=affiliates&utm_term=88610&utm_content=lik&utm_campaign=dis
472,Love Shopping Direct Ltd,energybulbs.co.uk,https://www.energybulbs.co.uk/pages/terms-and-conditions?awc=5854_1588248584_1ff233862409c8e735e3e9df04be8045&source=awin
473,NLS Security Ltd,esafes.co.uk,https://www.esafes.co.uk/terms-and-conditions
474,Euroffice Ltd,euroffice.co.uk,https://www.euroffice.co.uk/help/topic/general-terms-and-conditions?P36=A1B2CZ&utm_source=AffiliateWindow&utm_medium=Affiliate&utm_campaign=Skinflint&awc=3774_1588248777_2c22b463c387354642718c07ce29afbf&AFF=BU88610
475,Note: merchant located in Ireland,exdemohut.com,https://exdemohut.com/terms-and-conditions
476,Falcon Computers Ltd,falconcomputers.co.uk,https://www.falconcomputers.co.uk/terms-and-conditions.html
477,Fitness Options (Nottingham) Ltd,fitnessoptions.co.uk,https://www.fitnessoptions.co.uk/terms.asp?awc=899_1588249308_6ce0cbb119ed99d48fac5476985293d2
478,Fragranceexpert Ltd,fragranceexpert.com,https://www.fragranceexpert.com/terms.html?awc=5715_1588249436_d5f4e061ee2dfb3eb8324d32db6662d6&awin&utm_source=uk.affiliatewindow.com&utm_medium=affiliate&utm_campaign=affiliatewindow
479,Gamola Golf,gamolagolf.co.uk,https://www.gamolagolf.co.uk/acatalog/Terms-and-conditions.html?awc=2908_1588249498_d747bdb27b98775011ee820d18412e1c
480,The Skincare Sanctuary Ltd,gatineau.co.uk,https://www.gatineau.co.uk/Special-Pages/Terms-Conditions?awc=1818_1588249622_d70b60db8a1b4f031eabf4ee391b12dd&utm_source=affiliatewindow
481,Golfsupport.co.uk Ltd,golfsupport.com,https://golfsupport.com/info/terms-and-conditions?awc=7714_1588249934_fb6a24964ff5d400a004b0089afeb505&utm_source=AWIN&utm_medium=88610&utm_campaign=Editorial+Content
482,Harrod UK LTD,harrodhorticultural.com,https://www.harrodhorticultural.com/terms-and-conditions-pgid1941.html?wgu=4573_60210_15882500627774_6ccab37593&wgexpiry=1593434062&AffiliateCode=wg&siteid=60210
483,Hughes TV & audio Ltd,hughes.co.uk,https://www.hughes.co.uk/terms
484,Incredibledirect Ltd,incredibledirect.com,https://www.incredibledirect.com/terms-conditions?awc=17265_1588250376_86b01c93d487ba0958eeccb81752fea0
485,NRS Innovations Ltd,jtxfitness.com,https://www.jtxfitness.com/jtx-fitness-terms-conditions?awc=5606_1588250630_0b2e95f13623b1abce2c707375eb5f81&utm_source=Affiliate_Window&utm_campaign=88610
486,Jungle Gym B.V.,junglegym.co.uk,https://www.junglegym.co.uk/terms-and-conditions
487,Manor farm (Herts) Ltd,just-rackets.co.uk,https://www.just-rackets.co.uk/shop/customer-services.html#terms
488,Just Vitamins Ltd,justvitamins.co.uk,https://www.justvitamins.co.uk/information/terms-and-conditions.aspx?wgu=8673_60210_15882508242666_9ffb9da467&wgexpiry=1596026824&source=webgains&siteid=60210
489,Liontreck Ltd,kateskates.co.uk,https://www.kateskates.co.uk/index/terms-and-conditions_5.htm?wgu=3493_60210_15882508894768_6c909f6b56&wgexpiry=1590842889&source=webgains&siteid=60210
490,digital fusion LTD / digital-fusion.co.uk,kinetiklamps.co.uk,https://www.kinetiklamps.co.uk/returns.php
491,KSN,ksn-online.co.uk,https://www.ksn-online.co.uk/conditions.php
492,Lemongold Ltd,landyschemist.com,https://www.landyschemist.com/?porc=gumetmFpjriCFHtvdfmEshbkBxbAAjh
493,Voltacon UK Ltd,ledison-led-lights.co.uk,https://www.ledison-led-lights.co.uk/?porc=yxzyInIuzhcciwfxFsgqvGoygCoEIna
494,Note: merchant located in the Czech Republic,lentiamo.co.uk,https://www.lentiamo.co.uk/terms-and-conditions.html
495,Richard Hathaway Lighting Ltd,lights4living.com,https://www.lights4living.com/terms-and-conditions/i3?awc=5723_1588251742_337db0088ce5cc0cf2c7a6cdcac83149&source=affiliatewindow&utm_source=affiliate-window&utm_medium=affiliate&utm_campaign=Skinflint
496,Locks On Line Limited,locksonline.co.uk,https://www.locksonline.co.uk/terms-conditions.html?source=affwin&awc=838_1588251807_b39bf76664f47bc1a12a9a674d8a6e0f
497,Second Chance PC Limited,macupgrades.co.uk,https://www.macupgrades.co.uk/store/conditions.php
498,Hanaco Ltd,magicvision.eu,https://www.magicvision.eu/terms-and-conditions?afntwrk=tt
499,Note: merchant located in Germany,magix.com,https://www.magix.com/gb/terms-and-conditions/?affiliate=88610&AffiliateID=21&phash=FpxNTeAGZz9viJRe
500,Mendip Cathedral Ltd,mendipweather.co.uk,https://www.mendipweather.co.uk/terms-and-conditions
501,Note: merchant located in Ireland,microsoft.com,https://www.microsoft.com/en-gb/storedocs/terms-of-sale?irgwc=1&OCID=AID2000142_aff_7794_1246483&tduid=%28ir_%29%287794%29%281246483%29%28%28e3b0933e3b3a4006505a0d2db4929186%29%28266696%29%281615483%29%28%29%28%29%29%28e3b0933e3b3a4006505a0d2db4929186%29&irclickid=
502,Paul Taylor GPA Ltd,mrmdvd.com,http://www.mrmdvd.com/catalog/shipping.php
503,The Hut.com Ltd,myprotein.com,https://www.myprotein.com/customer-services/terms-and-conditions.list?affil=awin&utm_content=Skinflint&utm_term=Editorial+Content&utm_source=AWin-88610&utm_medium=affiliate&utm_campaign=AffiliateWin&awc=3196_1588252950_ad56b5347b0bc3792de3b46a4f1a34a7
504,Note: merchant located in Austria,myrobotcenter.co.uk,https://www.myrobotcenter.co.uk/en_gb/general-terms-and-conditions/
505,Alloy Sales Ltd,mytoolshed.co.uk,https://www.mytoolshed.co.uk/terms-and-conditions?wgu=266015_57540_15882530792065_01e77b1941&wgexpiry=1596029079&source=webgains&siteid=57540
506,MyTrendyPhone UK LIMITED,mytrendyphone.co.uk,https://www.mytrendyphone.co.uk/shop/external/pages/uk/terms.html
507,NIKE Retail B.V.,agreementservice.svs.nike.com,https://agreementservice.svs.nike.com/gb/en_gb/rest/agreement?agreementType=termsOfSale&uxId=com.nike.tos&country=GB&language=en&CP=EUNS_AFF_AWIN_UK_88610_Skinflint_169843&awc=16327_1588253209_662b1adc39b837a5cc48c0a9fc12109a
508,Techex Ltd,onevideo.co.uk,https://www.onevideo.co.uk/conditions/
509,Online 4 Baby Ltd,online4baby.com,https://www.online4baby.com/tsandcs?wgu=276235_60210_15882536806048_b11799e571&wgexpiry=1596029680&source=webgains&siteid=60210&u1=wg&network=Webgains
510,Perfume click Ltd,perfume-click.co.uk,https://www.perfume-click.co.uk/Terms?source=aw&awc=6561_1588254064_95349a87abf0d664128dc0fe1cf4e731&utm_source=Affiliate_Window&utm_medium=Affiliate_Marketing&utm_campaign=88610
511,personalprojector.co.uk,personalprojector.co.uk,https://www.personalprojector.co.uk/terms-conditions
512,computer Risk management Ltd,printerland.co.uk,https://www.printerland.co.uk/termsandconditions-E293.aspx
513,Proporta.com Ltd,proporta.co.uk,https://www.proporta.co.uk/pages/faqs?awc=3698_1588254508_6c35d4ef381b43dea17cd7e36fc6bb1c&utm_campaign=88610&utm_medium=AWIN&utm_source=affiliate
514,PSA Parts Ltd,psaparts.co.uk,https://www.psaparts.co.uk/info/terms.html
515,Red Candy Ltd,redcandy.co.uk,https://www.redcandy.co.uk/terms-and-conditions
516,Note: merchant located in Germany,reichelt.com,https://www.reichelt.com/de/en/Infocenter/Terms-and-Conditions/12/41/index.html?ACTION=12&LA=12&PAGE=41
517,revolution beauty Ltd,revolutionbeauty.com,https://www.revolutionbeauty.com/uk/en/company/website-terms-and-conditions.html?utm_source=Preisvergleich+Internet+Services+AG&utm_medium=affiliate&utm_campaign=Editorial+Content&utm_content=88610&referrer=aw&awc=7808_1588254922_143751862b6076dff8b35d6bdbb968c3
518,Ripped Knees Ltd,rippedknees.co.uk,https://www.rippedknees.co.uk/tcs?wgu=7765_60210_15882549888635_df1e7c808c&wgexpiry=1596030988&source=webgains&siteid=60210
519,RL Supplies Ltd,rlsupplies.co.uk,https://www.rlsupplies.co.uk/content/3-terms-and-conditions-of-use
520,Scan Computers International Ltd,scan.co.uk,https://www.scan.co.uk/info/terms?utm_source=Skinflint&utm_medium=awin&utm_campaign=Editorial+Content&awc=15473_1588255177_61fa8d660943922a1758c6a4cae8e39f
521,Skream Ltd,shopto.net,https://www.shopto.net/en/legal/terms-conditions/
522,Simply Scuba Ltd,simplybeach.com,https://www.simplybeach.com/pages/terms-and-conditions?utm_source=affiliates&utm_medium=referral&utm_campaign=88610
523,Simply Scuba Ltd,simplyscuba.com,https://www.simplyscuba.com/pages/terms-and-conditions#1?utm_source=affiliates&utm_medium=referral&utm_campaign=88610&awc=1192_1588255769_0d8889b9a6d51810e9b5f447d78a1283
524,B-Sporting Ltd,sportsshoes.com,https://www.sportsshoes.com/support/terms_and_conditions/?awc=1074_1588256027_d056c77a0e0f870d9d76f24195f865ac&utm_source=affiliate&utm_medium=Awin&utm_campaign=332667
525,Stak Trading computer Services Ltd,stak.com,https://stak.com/Terms_and_Conditions
526,T H Baker and Company (Established 1888) Ltd,thejewelhut.co.uk,https://www.thejewelhut.co.uk/terms-and-conditions?ici=info-text&icn=terms-conditions-footer&utm_source=AffiliateWindow&utm_medium=Affiliates&utm_campaign=0&adid=0&subacctid=88610&awc=4277_1588256468_d98be908c5a8812cff7db4fbaf89e836
527,The little Safe Company Ltd,safes.co.uk,https://www.safes.co.uk/terms-conditions
528,The Supermarket Online.com Ltd,theofficesuppliessupermarket.com,https://www.theofficesuppliessupermarket.com/terms-conditions?utm_source=Affiliate_Window&utm_medium=AF&utm_term=affiliates&utm_content=affiliate_type&utm_campaign=%20Affiliate_Window%20-AF&awc=5108_1588256593_b53010b469d41b01aa98a7481c7b48e5
529,The sports Edit Ltd,thesportsedit.com,https://thesportsedit.com/pages/terms-conditions?utm_source=awin&utm_medium=affiliate&utm_campaign=Skinflint&awc=18016_1588256717_c713985dac88f7b96937031521a47596
530,Speciality Drinks Ltd,thewhiskyexchange.com,https://www.thewhiskyexchange.com/customerservice/legal-terms?awc=400_1588256844_934f94ff60f6808b0cb6983ca71c3ab8
531,advancer Ltd,tomtop.com,https://www.tomtop.com/help/terms-conditions.html?awc=7566_1588256905_f9ca1ac3f318fbae487a920629451127&utm_source=AW&utm_medium=AFF&utm_campaign=AW
532,Robovision Ltd,tptoys.com,https://www.tptoys.com/customer/pages/terms?source=aw&awc=5178_1588257096_79bcbfdfc23a7e64201b1bc0a08c8c67&utm_source=AWIN&utm_medium=affiliate&utm_campaign=88610
533,Artemis Home Ltd,nextdaytrampolines.co.uk,https://www.nextdaytrampolines.co.uk/help/terms/
534,Artemis Home Ltd,trampoline-warehouse.co.uk,https://www.trampoline-warehouse.co.uk/help.aspx?section=terms&source=aw&affid=88610
535,Nimbus Designs Ltd,tvcables.co.uk,https://www.tvcables.co.uk/terms.html?awc=851_1588257346_7e70295850bae954b3d23c8a74849250
536,clarity distribution Ltd t/a UK-Computers.co.uk,uk-computers.co.uk,https://www.uk-computers.co.uk/terms/
537,UK MOBILE Store,uk-mobilestore.co.uk,https://www.uk-mobilestore.co.uk/policies/terms-of-service
538,RCD Retail Ltd,uksportimports.com,https://www.uksportimports.com/terms-and-conditions
539,Blacks Outdoor Retail Ltd,ultimateoutdoors.com,https://www.ultimateoutdoors.com/customer-service/terms-and-conditions?awc=5970_1588257880_99772dc563698bcb7049da68be784ef2&utm_source=affiliate&utm_medium=Editorial+Content&utm_campaign=Skinflint
540,Buyur Ltd,buyur.co.uk,https://www.buyur.co.uk/hc-terms-and-conditions/
541,Vivomed Ltd,vivomed.com,https://www.vivomed.com/Information.aspx?TranslationLargeID=6&PartnerID=47&awc=5492_1588258071_a7707ea83fad6e3ce53679bcbb1bbe79&utm_source=affiliate&utm_medium=affiliatewindow&utm_campaign=UnitedKingdom
542,Warwick Test Supplies Ltd,warwickts.com,https://www.warwickts.com/453/Terms-Conditions
543,Aurum Holdings Ltd,watchshop.com,https://www.watchshop.com/terms-and-conditions-a8.html?utm_source=Awin&utm_medium=Affiliate&utm_campaign=Skinflint&awc=2764_1588258197_94a5cb0a71381c4644e0662b5095b851
544,Wickes Building Supplies Ltd,wickes.co.uk,https://www.wickes.co.uk/termsAndConditions?awc=1563_1588258325_ed291b2855ddc790b7e9dceada3562ad&utm_source=affiliate_window&utm_medium=affiliate&utm_term=88610&utm_content=deeplink&utm_campaign=Skinflint
545,universal Pictures (UK) Limited,zoom.co.uk,https://www.zoom.co.uk/help/terms_of_sale?awc=7114_1588258453_72e816da9e54d684ea7b2e45bc4a4049&utm_source=affiliate_window&utm_medium=Editorial+Content&utm_campaign=88610
